,x,y
0,"[ 4.3977e+00 -8.4802e-02  7.1642e+00 -6.7194e+00  4.2562e+00  7.3804e-01
 -5.1637e-01 -4.9987e+00 -1.0425e+01  2.2023e+00 -1.0889e+00 -4.1571e+00
 -1.1241e+00  1.0544e+00  6.1657e+00 -1.1785e+01  1.0634e+00  9.0093e-01
 -3.4505e+00 -9.7738e+00 -6.8364e-01  3.4953e+00 -2.7686e+00  2.1738e+00
 -4.8188e+00 -4.1061e+00  3.8667e+00 -4.8346e-01  9.7794e+00  6.5474e-01
  1.8885e+00  3.3337e+00 -7.6430e+00  9.3695e-01  2.5452e+00  1.7237e+00
 -2.4304e+00 -7.4956e+00  6.1622e+00  1.1654e+01  4.5549e+00 -2.0937e+00
  7.7029e-03 -7.5772e-01 -4.4870e+00 -1.8195e+00 -1.5489e+00 -4.6615e+00
 -1.1534e+00 -3.0691e+00 -4.3756e+00 -1.3709e+00 -6.0557e+00  4.2171e+00
 -4.0825e+00  8.3265e+00  1.5268e+00  7.5247e+00  9.8142e+00 -3.9308e+00
 -4.9006e+00 -1.0492e+00 -5.3698e+00  2.8001e+00 -1.9816e+00  1.2731e+00
  1.7437e+00  5.2930e+00 -4.1021e+00 -1.9466e+00 -1.0293e+01  8.0869e+00
  2.4669e+00  1.0416e+00  2.9062e+00  7.4933e-01 -6.2787e+00 -5.2697e+00
  1.0030e+01  1.1494e+01  3.8892e+00  9.2724e-01  3.1551e-01 -1.2339e+00
 -5.1035e+00  1.4632e+00  2.2421e+00  4.4632e+00  4.0747e+00  7.3545e+00
  4.1431e+00  2.1189e+00 -3.4378e-02  4.3721e+00 -3.5773e+00 -9.1445e-01
 -4.4985e+00  7.8268e-01  1.7504e+00 -1.1266e-01  3.4905e+00  3.5346e+00
  4.1854e+00 -9.7306e+00  8.1663e+00  7.8188e+00  2.8933e-02  2.1714e+00
 -1.0061e+01  9.7015e+00 -2.2361e+00 -1.0250e+00  1.5772e+00 -5.9816e+00
 -5.3243e+00  3.1522e+00 -1.0066e+01 -5.4107e+00 -4.4374e+00 -4.9379e-02
 -1.7292e+00 -7.4320e+00  9.4402e-01  6.1007e+00  2.9720e+00 -1.3019e+00
  3.8929e+00 -6.7384e+00 -7.2250e+00 -1.3095e+01 -1.7726e+00 -4.1656e+00
  1.1594e+00 -6.6706e-01 -1.8113e+00 -4.6239e+00  8.1783e-01 -5.2754e+00
 -9.4321e+00  4.2934e+00  1.7081e+00  2.5826e+00 -2.5925e+00  1.2042e+00
 -6.8782e+00 -1.4265e+00  1.2000e+01  2.3212e+00  6.5863e-01  4.4772e+00
 -6.0530e+00  8.3918e-01 -3.1892e+00 -4.7853e+00  1.8082e+00  6.5795e+00
 -7.8611e+00  9.1492e-01  6.2195e+00  8.1563e+00  9.2802e-01  8.2860e+00
 -2.1119e+00  6.5171e+00  4.7776e+00  1.4246e+00  1.9998e-01  9.4311e+00
 -4.6225e-01  5.1149e-01 -3.6097e+00 -2.4499e+00 -5.9521e+00  1.9210e+00
  3.6171e+00  1.6627e+00  4.1687e+00 -5.7312e+00  4.4838e+00 -1.3397e+00
  9.7669e-01 -1.7695e+00 -4.4192e+00 -5.6565e+00  2.4541e+00  1.1720e+01
 -4.9842e-01 -1.3649e+00 -1.5999e+00 -5.5875e+00  1.2834e+00  6.3331e+00
  2.6539e+00  8.7360e+00  6.2788e+00  4.0320e-01 -1.8685e+00  3.6872e+00
  1.4722e+00 -9.5008e+00  1.4472e+00  1.5539e+00 -1.1236e+00  5.1207e+00
 -5.4111e+00 -6.4534e+00 -5.7251e-03  3.4080e+00  2.4839e+00 -1.2865e+00
 -2.5013e+00  6.3498e-01 -2.0556e+00 -4.5650e+00 -1.1645e+01  7.8584e+00
 -2.8664e-01  1.5407e+00 -4.0761e-01 -7.0115e+00  3.3891e+00  3.7765e+00
 -2.5260e+00 -1.3640e+00  2.6059e+00  1.2800e+00 -7.4811e+00 -4.7310e+00
 -5.3031e+00  6.3842e+00 -2.9032e+00  2.4970e+00  2.3570e+00  2.5043e+00
  8.9172e+00  9.3091e-01  9.4315e-01  5.3604e+00  9.3112e+00 -5.5108e+00
 -1.1123e+00 -6.1981e+00 -8.3815e+00  3.0503e+00 -1.5443e+00 -1.2541e+01
 -8.5107e-01 -9.4653e-01 -1.6185e+00 -5.2449e+00  4.5784e+00  5.4371e+00
  1.2039e+00  9.3201e-01  2.4747e+00  1.2551e-01  3.6290e+00  3.5950e+00
 -4.0698e+00 -3.4159e+00  9.3775e-01 -2.1088e+00  1.3389e+00 -3.5224e+00
 -4.3681e+00  2.5226e+00 -9.5577e+00 -1.0631e+01 -8.8957e-01 -2.2393e+00
  1.8739e+00  1.1267e+01  1.0036e-01 -4.4089e+00 -1.2834e+00 -4.8790e+00
 -6.3998e+00  3.2816e+00 -2.0419e+00  3.7945e+00  3.7745e+00  1.9973e+00
  2.0822e+00  2.4458e+00 -6.6662e-01 -7.7820e-01 -1.7037e+00  2.5037e+00
 -4.3489e+00 -2.9616e+00 -3.8711e+00  2.9476e+00  3.0086e+00 -5.5441e+00
  2.2884e+00  6.6074e+00 -1.8442e-01  1.4986e+00  1.3399e+00  1.1240e+00]",operator
1,"[ -7.8392   -10.463     11.759      1.8131     0.046077  -5.9578
   2.1858    -6.7808    11.301     -5.4783    -4.613      1.514
   8.8983     4.1069    -1.7087     1.2146    -1.842     15.541
   3.08      -6.7102   -10.452     -2.9291   -11.823     15.12
  -1.7435     0.55726    1.452     -3.6608     1.4374    -3.0551
  -9.8578    -1.2351    -1.4664     7.7278    -7.87      -1.1338
  -0.51534   -5.0005    -6.8229    -8.1258     7.5867    -5.3086
  -6.1498     9.2189    -4.0038     3.737     -1.4379    10.678
  -2.968    -18.524      0.43388   -1.7291    -2.1566    11.84
   4.545      7.1299    -9.2454    -5.6804    -5.2664    -2.2482
  -6.8721    -3.9618    -4.0028    10.086      2.7452    -0.19343
   8.734      2.484     -2.906     -4.1246    -0.6097    -6.9138
  -1.2811     1.7654    -2.6818    -0.30705   -5.7846    -3.1776
   1.3317    11.882     14.824     -6.7971   -11.288      5.8772
  -7.272    -13.346     -5.5236     1.4068     3.2483     0.52661
   2.682      5.4464    -0.90264    2.7181    -5.0638     2.88
 -11.875      0.78343   -2.8198     5.2037     3.3505    -1.4593
  -3.1407     4.3899     8.2737     2.427      8.1825    -3.534
   8.6724     3.6032    10.736     -0.68561    3.7682    -0.90342
  -5.8552    -3.1617     8.764     11.478     -4.2121   -10.776
   9.2309    -2.3253    10.867     -3.917     -3.6212     4.4463
  -9.1755    -5.4338     8.6125     3.7147     1.6407     1.4826
  -0.6922     4.6172    13.474     -3.6504     1.1869    -5.1363
 -12.805      0.59715   11.417      2.3358    -6.336     -1.9895
   3.8036    -2.0827     5.5578    -1.0684     7.6801    -5.7769
  -5.5995    -4.2063     2.0847     1.3778     4.4728    -0.9245
  -6.2716     7.4471    12.234      4.7256     6.9526     9.2627
   5.9387     3.9346    -3.9358    -5.517     -0.37221    7.0479
  -1.0107     1.3333     0.29189    0.72582   -0.94112   -6.2164
  -1.4666    10.999      2.8953    -2.2188   -12.6        4.9997
  -3.3287   -10.833    -10.258     -3.1318    -2.1897    10.616
  -2.3414    10.703    -15.958     -2.1131    -0.73608  -12.746
   2.1645     4.7198    11.228      7.848     -9.5661    -7.8624
   7.5167   -11.899     11.652      3.4704     8.3291     6.1333
   1.2913    -1.6855    -4.0775    -3.8238     1.954     -0.62018
  -4.7522    -7.3388     3.1042    -4.3236     6.6811    -3.6133
  -4.3188    -3.6139     8.9265     6.7441     3.1195     1.3797
  -1.7847    -1.0925     1.9636     4.6266    -1.2389    -3.6825
   3.2352    -5.4692    -2.0027    -0.25671    5.0371    -0.47219
  -0.56874   -0.85925   13.884      2.483      2.3522     0.62728
   9.3776    -3.4964    -9.8182     8.8067     3.9107    -6.2802
   0.71777   -3.2442    -6.5781    -2.0771     3.3449     0.88552
   7.9022     6.8172     4.1641     1.4866    -1.2453    -3.4238
  10.295     -4.0166    -9.9353    -1.2268    -4.0903    -0.70229
  -7.2082     0.24198    5.4317    -7.3625     5.6531    -7.3531
  -1.0492     7.3757     4.9777     9.9751    -1.9033     9.9376
  -1.2399    -7.3147     5.5949    -0.55937   11.479     -2.8167
   5.0842     3.1616    -7.9781    -0.39797   -4.1924     3.1309
   3.7627     0.93319   -1.9043     2.0221    -3.6441    -4.443
   5.5947     6.5774    -1.7344    -5.1161     8.3667    -0.72863 ]",bracket
2,"[ 2.5377e+00 -1.3823e+01  3.0635e+00  7.9353e+00  9.6459e+00 -5.1554e+00
  7.6464e-01 -4.4896e+00  2.5980e+00 -5.3795e+00 -2.6006e+00  2.6592e-02
  1.8468e+00 -1.6452e+00 -3.2309e+00 -4.3631e+00  8.2434e+00  2.7891e+00
 -4.0916e-01  2.5950e+00 -3.3982e+00  2.1232e+00  4.1449e+00  8.5663e+00
 -1.1193e+01  3.8254e+00  4.1838e+00  1.2201e+01 -2.0018e+00  6.9000e+00
  5.2336e+00 -3.6901e+00 -2.1717e+00 -8.8435e-01 -3.0607e+00 -1.5443e+01
  4.3944e+00  1.0999e+00  5.3541e+00  6.1221e-01  4.9526e+00  4.2947e-01
 -6.3210e+00  3.2261e+00 -2.4900e-01  9.9236e+00  2.2166e+00  1.6863e+01
  1.1698e+01 -7.9658e+00  2.2664e+00 -2.5228e+00 -7.4764e+00  9.9269e+00
 -3.0663e+00  6.7517e+00 -1.2650e+01  7.2332e+00 -2.0821e+00 -8.0831e+00
 -3.4365e+00  6.7308e+00 -4.0487e+00  1.2201e+00  7.2238e+00 -3.7542e+00
  1.7570e+00  5.3992e-01  1.1597e+00  5.2746e+00 -2.3341e+00  1.3050e+00
 -1.1492e+00  5.6060e+00 -9.2933e-01  4.1142e+00  6.5003e+00  2.3325e-01
 -4.1338e+00  1.6840e+01  9.1490e+00 -5.6635e-01 -1.5188e+01 -9.4838e-01
  7.5638e-01 -4.7188e+00 -1.7933e+00  6.6699e+00  3.5287e+00  4.8152e+00
  1.5184e+00  9.1138e+00  1.9567e+00  1.1168e+01 -1.6139e+00  1.4028e+01
 -6.0924e+00  3.8266e+00 -3.9104e+00 -4.1306e+00  5.2385e+00 -5.3673e+00
  9.1471e+00  9.1107e-01  7.4789e+00  5.1959e+00 -3.4052e+00 -4.3500e+00
 -6.0648e+00 -4.3826e+00  5.7010e+00 -5.6072e+00  9.5920e+00 -3.4078e+00
 -9.0125e+00 -1.8390e+00 -5.4008e+00  2.9645e+00  1.0111e+00 -3.8040e+00
  7.3071e+00 -5.5405e+00 -6.0281e+00 -1.0621e+01 -3.7215e+00 -4.6245e+00
 -2.6524e+00 -1.1979e+00 -7.2325e+00  5.1016e-01 -1.0155e+01  6.2718e-01
  5.5699e+00  6.6867e+00  9.7422e+00 -7.4868e+00  4.2226e+00  1.0655e+01
 -9.4835e+00 -5.8054e+00  1.0424e+01  1.4103e+01  5.8019e+00  3.7251e+00
 -4.9499e+00  1.0900e+01  1.3987e+00 -6.8134e+00  6.4926e+00  8.2181e+00
 -7.2302e-01 -5.5739e+00 -4.9004e+00 -1.5308e+01  1.4546e+01 -8.4205e+00
  3.6613e+00 -4.4531e-01  4.0443e+00 -1.2678e+01  3.2678e-01  1.3906e+01
  1.5292e+01 -3.5940e+00  1.7883e+00  4.8165e+00 -2.5002e+00 -1.0134e+01
  9.1396e+00  1.4498e+01 -1.7300e+01  6.0221e+00 -5.6486e+00 -3.2259e+00
 -8.4349e+00  1.7726e+01 -1.6216e+00 -2.4023e+00 -1.0653e+01 -3.8376e+00
  1.6940e+00  3.9646e+00 -2.1352e+01 -5.5587e+00 -4.2370e+00  1.5360e+00
 -3.6736e-01  7.7715e+00 -6.2231e+00  2.6127e+00  2.5390e-01  1.0292e+01
  6.7784e-01 -6.8129e+00  1.2510e+01  1.0350e+01  3.2995e+00 -1.3188e+01
 -4.8398e+00 -9.6867e+00 -3.3628e+00 -1.6204e+00  2.4695e+00  4.5009e-01
  4.9071e+00 -4.8846e+00  4.3457e+00  8.4590e+00  4.2699e+00  6.2907e+00
 -5.4106e+00  3.0503e+00 -2.5306e+00 -1.2045e+00  3.1444e+00 -1.1962e+00
  1.1080e+01 -8.2467e+00 -8.4506e+00 -1.5635e+00  1.7512e+00  5.1942e+00
 -1.2351e+01 -1.5952e+01 -8.6073e+00 -5.3594e+00 -4.6930e+00 -8.1432e+00
 -1.2210e+01  3.5521e+00  4.8944e+00 -1.5884e+01  6.4871e+00  1.8512e+00
 -4.3179e+00 -5.3308e+00  6.0509e+00  4.7588e-02 -9.3391e+00  2.9979e+00
 -1.4813e+00  6.9771e-01 -1.5605e+01  1.2485e+00  8.5328e+00 -8.4275e+00
  5.8460e+00  6.5498e+00 -2.4207e+00 -5.0660e+00  1.2861e+01  7.1883e+00
  4.8233e+00  1.2507e+00 -4.8034e+00  5.7762e+00  2.7353e+00 -2.4600e+00
  1.3278e+01 -5.8736e+00 -1.1569e+00  1.6316e+00 -6.7047e-02  6.0608e+00
 -2.4613e+00 -3.9356e+00  8.9894e+00  6.2404e-01  2.7799e+00 -2.2794e+00
  4.8307e+00  6.7102e+00 -2.6591e+00  2.7808e+00  5.3521e+00  4.1759e+00
 -2.9500e+00  7.3484e+00  1.1667e+01 -4.0192e+00  8.0703e+00  1.8084e+00
 -1.3256e+00  4.0110e+00 -3.9434e+00 -3.3274e+00 -1.5801e-02 -1.3837e+01
 -2.4099e+00 -3.9420e+00  1.4290e-01  6.4986e+00 -3.2482e+00  4.5425e+00
  8.6319e+00  2.1393e+00  9.3867e+00 -5.1403e+00  2.1874e+00  5.6177e+00]",number
3,"[ -3.3899    -4.7034    -0.56101    1.2291     4.3298    -1.0775
  -1.3006     8.7939    -0.16669   -4.3738     2.3697     2.6438
  -5.4589     3.3491     4.0331     5.1368    -3.0016     4.3627
  -3.1921    -4.6624     6.065      1.0278    -2.302      2.6546
  -1.9866    -0.21586   -4.6756    -4.2126     4.552      0.77829
  -2.3145    -5.2688    -0.83724    1.5414    -3.5657    -2.157
  -0.52113   -0.84522    0.10093   -2.5028     2.6867    -0.84121
  -0.37885   -0.56571    1.2562     6.6634    -1.9635    -2.7044
  -1.8338     1.4503    -5.5413     0.53806    1.909     -4.3604
  -0.86049    0.15564   -0.057504   2.5934    -1.0942    -4.2068
  -2.17      -3.2877     5.8554    -4.8534     7.503      6.1191
  -2.4823    -1.4451     3.8664     3.2508     0.709     -7.5112
  -3.982     -2.6949    -0.85431    3.454     -9.9227     0.5394
   1.2065     0.26367   -5.4167    -0.076605   2.0729     2.9393
   5.6086    -5.1065    -6.0031    -8.8691    -2.94      -4.2458
   1.2601    -0.52265    2.8109    -5.1576    -0.89284   -5.5403
  -0.022148  -4.0596     2.8102     5.4515     3.7201     4.075
  -0.71997    5.9415    -2.6638     8.1691     1.8681    -3.4162
   4.2461    -6.8624     3.1882    -0.4499     0.063048  -0.16861
   3.6927    -1.8523     3.2277     3.5668    -3.4561    -5.5913
   2.2796    -2.5602     1.428      2.4142    -5.0458    -4.963
  -1.8568    -4.4842     9.3988     0.42451   -6.124      1.76
   7.9648    -0.7214     1.4532     0.079124  -2.2448    -6.2389
   6.4109    -5.4421    -3.03      -0.86801   -1.5012     3.9477
   0.626     -2.527     -4.6932    -4.1336     3.0797    -0.7578
   0.47471   -3.9851    -2.7405     6.6635    -4.3966     0.091831
   3.4679    -4.3882    -3.5193    -3.215      0.53177  -10.145
  -3.6675     2.8422    -3.0878    -3.3131    -5.1698     5.8547
  -4.9446     2.1182     6.5677    -1.5897     6.6044    -0.42473
   2.5703     1.6542     0.34148    3.595     -4.7446    -0.33757
  -4.4217    -2.8226     0.57885    0.9309    -3.7374     6.857
   1.7744    -0.59106   -2.513      2.5205     0.15392   -5.4111
  -2.8938     1.0658     3.5868     4.1083    -4.1611     1.4998
   7.6785    -0.8571     3.1202    -1.302      6.9192    -1.7415
   2.652      0.20803   -6.8805     0.67904   -3.6696    -4.0897
   0.16089   -2.8217    -1.2326     6.4057    -1.2017     6.3644
  -3.9374    -4.4183     5.7504     5.0595    -3.2237     2.041
  -3.326      4.4349    -1.7377    -2.672      2.932      4.9633
   4.2499    -4.8036     3.6152    -3.3564     1.8638    -0.3509
   6.352      2.6335     1.0899    -1.5143     1.4211    -1.5987
  -1.368      2.3843     1.7801    -1.9951     1.3563     0.36591
  -2.1273     2.8705    -3.7035     6.1364    -0.54319   -0.43826
  -7.0011    -0.47665   -0.05765   -4.2569    -1.6078    -3.9866
   3.3549     3.7918    -3.704     -0.79204   -0.67857    1.6942
   2.2772     2.4775    -0.62661    1.9642    -6.8387    -1.3194
   0.91723   -1.3952     4.9849     1.9167     5.1416     0.9232
   8.0659    -6.865     -0.10635    1.0187     5.8111     3.0619
   6.2548    -3.1919    -0.80506    3.3508    -4.5188     5.566
  -0.12391    2.7124     0.13658   -3.6298    -2.6504    -5.227
  -2.7731     3.1695     2.7796     0.73668   -0.627      0.071074]",comma
4,"[ -2.2743   -12.709     -2.974     11.437      7.5386    -3.0297
  -1.4289     2.0072     0.89871   -6.3428    -1.0419    -0.42998
   3.4583    -2.7538     3.7412    -6.8937     5.6785    -1.8783
   1.0754     6.9571    -2.3866     4.1746     6.9305     3.9787
 -11.591      6.5608    -3.152      3.8679    -4.8751     5.0587
   8.1085     0.20207   -0.19681   -6.4801    -3.6957   -13.799
   2.3889     3.4076     0.98213   -1.7423     9.5647    -1.7293
  -7.7428    -0.18649    2.9587     6.9088     1.0128    14.954
   7.0053    -4.1617     3.5144     1.0576   -10.668      4.5892
  -2.9432    -1.0078   -15.522      6.4058    -3.824     -5.2302
  -6.8743     5.8934    -3.0014    -3.1041     9.3703    -2.3661
   0.75677    2.1195    -0.7734     1.2787     1.8919     5.7087
  -0.10799    4.7334    -4.4017     4.5115     8.8828    -2.4044
  -4.159      9.8189    -0.51289    1.8403   -15.887     -3.7864
   2.6328    -2.6864     4.6125     2.6882    -7.641      6.9978
  -2.0838    10.938     -2.6734    13.58      -6.4432    16.922
   1.5001     4.9569     0.44969    2.1522     2.5478    -4.0629
   4.6218     5.6108     8.9518     4.6974    -9.89      -4.8784
  -0.73906   -0.78422    0.69773   -3.9474     9.3728   -10.871
 -10.984     -7.9878    -5.2982     0.39404    1.7969    -4.2058
   2.3984    -0.77009   -1.2669   -10.206     -4.1117    -5.6739
  -0.35438   -1.3834    -4.8666     2.8396   -11.114     -0.97501
   0.40576    7.5958     8.1204    -3.548     -0.87087   10.023
 -10.846     -2.3658    16.296     13.549     -2.8744    -3.7727
  -7.5903     5.9527     2.4322    -8.1144    10.193      7.1451
  -1.0094    -7.9023    -6.4394   -13.328      6.9794   -13.66
  -5.1684     1.0965     8.1464    -6.8429    -9.4056     8.4731
  14.243      2.3854     2.3555     4.4956     2.9165   -16.747
   9.6419    15.511    -12.807      7.4911    -4.672    -12.82
  -4.0461    12.101     -1.248     -1.6508    -8.8029    -0.76971
   0.98965    7.2159   -22.784     -1.6202    -5.6243     8.8678
  -6.3329     7.5256    -7.7958     1.2036    -3.1897     4.2237
   7.3773    -5.2215     9.3348     8.114      4.3192    -6.6392
  -0.8288    -5.3766    -3.5158    -4.9241     7.4922    -7.364
   6.1164    -4.8114     7.7098    14.521      5.8531     4.1116
  -4.0031     5.3099     1.8248     1.2644    -0.73309   -2.8272
  11.837     -6.5754    -6.5812    -3.6964     0.61611    3.8658
  -2.5123   -12.255     -9.6882    -5.5583    -6.4682    -4.1607
  -9.686      2.9961     6.7334   -12.403      6.4658    -0.056156
  -2.4721    -6.7098     4.8743     1.5459    -5.1788     9.1934
  -0.19505   -3.8092   -12.443      1.2258    11.266    -11.15
   6.0187     8.5097     0.059364  -6.277     12.775      3.4975
   3.7473     6.4264    -5.5466    10.705     -1.94      -4.7499
   7.4296    -3.0705    -5.0973     2.0703    -1.2606     0.54245
  -1.0943    -4.0791     5.9957     0.96207    2.3988     0.31236
   1.5574     2.301     -1.6403    -1.6291    -3.031      6.6325
   5.5948     3.334      6.4966    -5.6354     9.742      0.62778
  -1.375      6.1203    -3.9061    -7.2687    -3.1116    -5.8648
  -2.9843    -1.898     -5.4939    -2.6855    -0.65887    6.8507
   5.5934    -6.3794    13.786     -4.862      2.9069     4.8431  ]",number
5,"[-7.9729e+00 -8.4028e+00  1.1931e+01  1.4241e+00 -6.2634e+00 -3.4751e+00
  6.1063e+00 -3.5968e+00  9.6494e+00 -7.0324e+00 -1.2579e-01  9.7785e-01
  1.0762e+01  5.4006e+00 -9.3205e-01  2.8774e-01 -4.7486e+00  1.2596e+01
  4.8544e-01 -9.1163e+00 -1.2627e+01  1.3279e+00 -1.1054e+01  1.7015e+01
 -1.4435e+00 -8.1780e-01 -4.7042e-01  1.4763e+00  1.4219e+00 -2.8041e+00
 -9.4629e+00 -1.9981e+00 -9.4216e-01  6.8382e+00 -8.5576e+00  2.1618e-03
  1.5076e-01 -6.3302e+00 -8.5502e+00 -5.0567e+00  5.9770e+00 -4.2594e+00
 -4.1689e+00  1.2072e+01 -3.0185e-01  1.4058e+00 -1.6879e+00  8.2451e+00
 -5.2352e+00 -1.6685e+01  1.0332e+00  5.6359e-01 -1.7981e+00  1.1207e+01
  3.0989e+00  8.2261e+00 -9.8557e+00 -7.0544e+00 -5.7532e+00 -4.1174e+00
 -6.8347e+00 -6.8945e+00 -8.7358e+00  8.5212e+00  1.4014e+00 -2.9030e-01
  4.9458e+00  1.4447e+00 -2.3344e-02 -9.5725e-01 -3.2637e-01 -5.1180e+00
  1.9775e+00  3.8203e+00 -1.3776e+00 -7.8116e-01 -6.2575e+00  1.7604e+00
  6.2892e-01  1.2666e+01  1.4527e+01 -3.6315e+00 -9.5504e+00  1.9948e+00
 -6.5135e+00 -8.6326e+00 -6.8013e+00  2.3886e+00  2.1398e+00 -1.2457e+00
  3.1024e+00  6.7416e+00  3.3371e+00  3.8027e+00 -2.0900e+00  4.7139e+00
 -1.0196e+01  5.1178e+00 -3.1614e+00  7.2754e+00  3.0888e+00 -1.3865e+00
 -3.8873e+00  2.3070e+00  8.0648e+00  3.7680e+00  5.9421e+00 -5.7732e+00
  6.9880e+00  2.6203e-01  8.6389e+00 -4.1492e+00  2.2142e+00  7.2988e-01
 -6.9906e+00 -3.9210e+00  8.5410e+00  9.2509e+00 -1.9551e+00 -1.4427e+01
  7.6432e+00 -3.8725e+00  1.4100e+01 -3.9503e+00 -1.0583e+00  5.9373e+00
 -8.8316e+00 -7.3525e+00  8.1876e+00  2.0217e+00  3.0549e+00  2.2550e+00
 -1.0065e+00  2.7888e+00  1.4439e+01 -4.8595e+00  1.6058e+00 -1.3883e+00
 -1.3964e+01  2.5059e+00  9.3582e+00  1.2970e+00 -5.6433e+00 -2.5253e+00
  3.6892e+00 -1.6336e+00  4.8847e+00 -3.2476e+00  1.0912e+01 -6.7409e+00
 -8.4584e+00 -4.1596e+00  8.8479e-01  4.9558e+00  7.3633e+00 -4.7085e-01
 -5.8827e+00  8.9965e+00  1.4008e+01  5.7673e+00  9.1684e+00  7.1923e+00
  1.0222e+01  3.7033e+00 -4.2180e+00 -6.2840e+00 -1.6533e+00  4.7252e+00
 -3.2587e-01  3.6272e+00 -2.0298e+00  3.7545e+00  8.1753e-01 -3.1203e+00
  8.0780e-01  1.0706e+01  1.5004e+00 -2.8696e+00 -1.4936e+01  9.1305e+00
 -4.4113e+00 -1.2456e+01 -7.8700e+00 -3.5629e+00 -5.1620e-01  9.3227e+00
 -2.0707e+00  6.9124e+00 -9.2390e+00 -4.2117e+00  1.2115e-01 -1.3979e+01
  8.4092e-01 -1.6395e+00  1.1349e+01  1.0041e+01 -7.3974e+00 -9.1932e+00
  6.5233e+00 -9.2738e+00  7.5171e+00  4.8313e+00  4.6520e+00  7.0744e+00
  1.0198e+00 -1.9661e-01 -2.1490e+00 -3.5330e+00  3.9783e+00  9.6870e-02
 -5.0714e+00 -5.7863e+00  3.7603e+00 -4.8543e+00  5.6189e+00 -3.3144e+00
 -1.6561e+00 -1.2962e+00  6.7682e+00  4.5383e+00 -9.9352e-03  1.8416e+00
 -2.4936e+00  2.4536e-02  3.4344e+00 -3.8720e-01 -2.5376e+00 -4.4362e+00
  1.3325e+00 -3.3526e+00 -1.9186e+00  6.0108e-01  2.8532e+00 -1.4932e+00
 -2.8034e+00 -4.1347e-01  1.5281e+01  5.2821e+00  7.9947e-01  1.6922e-01
  9.2211e+00 -5.3309e+00 -9.9196e+00  9.7890e+00  2.5966e+00 -7.6487e+00
  1.6773e-01 -1.6273e+00 -6.3395e+00 -2.8608e+00  6.8631e+00  1.1726e-01
  3.3957e+00  8.2730e+00  6.0312e+00  7.1676e-01  5.8614e-01 -4.1194e+00
  1.1020e+01 -8.0728e-01 -1.2876e+01  3.4076e+00 -3.6326e+00 -3.5518e-01
 -6.6643e+00  7.7035e-01  6.2086e+00 -2.3912e+00  7.5043e+00 -7.2469e+00
 -2.0018e+00  8.2019e+00  2.8320e+00  1.0784e+01 -2.2149e+00  1.1055e+01
  1.0665e+00 -9.9884e+00  4.4533e+00 -7.2557e-01  1.2801e+01 -5.1614e-01
  6.5339e+00  1.3346e+00 -3.6299e+00  7.6076e-01 -1.0578e+00 -2.0109e-01
 -1.5926e+00  3.4158e+00 -2.8174e+00  5.5871e+00  1.6135e+00 -4.0847e+00
  5.2105e+00  4.6693e+00 -3.3267e-01 -2.8954e+00  6.0694e+00  1.9298e+00]",bracket
6,"[ 1.0351e+00 -3.4947e+00 -1.2663e+00  2.9618e+00  4.4079e+00  1.9607e+00
  6.8072e+00 -3.1680e+00 -5.2319e+00  2.9597e+00 -1.2555e+00 -2.8347e+00
 -3.1189e+00 -4.4782e+00 -3.3416e+00 -4.0285e+00  2.2253e+00 -3.3331e+00
 -5.5916e+00 -9.7149e+00 -8.4012e+00 -7.6350e-01 -8.0579e+00  9.4401e+00
 -1.9461e+00 -1.0022e+00  1.3683e+00 -4.5210e+00 -8.0553e+00 -8.9146e+00
 -4.3463e-01  1.4185e+01 -9.9343e-01 -1.3981e+00  1.2913e+01 -5.8286e+00
  9.5278e+00 -9.3989e+00  8.5549e+00  7.7444e+00  2.4488e+00  6.2131e+00
 -9.6022e+00  9.7264e+00 -1.0093e+01 -4.8190e+00  1.9671e+00  5.3960e+00
  1.0867e+01  2.1209e-01  2.7364e+00  2.7656e+00 -1.1080e+01  9.8528e+00
  1.3539e+00  1.0269e+01 -8.0995e+00  6.6204e+00  3.0384e+00 -8.8313e+00
  1.4861e+00  7.4421e+00 -3.6230e+00  2.9706e-01  1.1450e+00  6.6812e+00
 -1.7487e+00  1.0680e+01 -2.6197e+00  1.4294e+00 -5.6391e-01 -1.0146e+00
  3.3708e+00  8.0556e+00 -4.1457e+00 -2.7314e+00  2.1500e+00 -1.4305e+00
  7.3899e+00  1.7242e+01 -3.0104e+00 -7.7872e+00 -1.3426e+00  7.4039e+00
 -9.7389e+00  6.1626e+00 -4.6063e+00  2.8202e+00  4.1512e+00  1.0885e+01
 -5.2588e+00  1.7380e+01 -8.5031e-01  1.9494e-01 -6.8477e+00  6.8711e+00
  1.0145e-01 -3.1022e+00  2.9613e+00 -1.8122e+00  2.4203e+00 -9.1187e+00
 -1.5501e+00 -1.0482e+01  5.0284e+00  7.6235e+00  1.6744e+00  1.2129e+00
 -8.2840e-01  5.8967e+00  4.1847e+00 -1.0776e+01 -4.0309e+00 -4.6129e-02
 -3.7653e+00 -3.5318e+00 -5.7037e+00  4.1737e-01 -3.1560e-01 -6.9731e+00
 -4.1665e+00 -4.9963e+00  4.1017e+00 -1.1734e+01  9.7496e+00 -6.0289e+00
 -1.7099e+01 -3.5777e+00 -4.7837e+00  4.6387e-01 -3.5657e+00  3.5335e+00
  3.5663e+00  2.8837e+00 -6.6722e+00 -2.4625e+00  1.4128e+00  9.0261e+00
 -5.9254e+00  1.4830e+01  1.2768e+01 -2.7740e+00 -5.1488e-01 -1.3861e+01
 -5.4823e+00 -6.5057e+00  4.9785e+00  9.7127e-01  3.0381e+00  9.1740e+00
  1.1754e+00 -6.7206e+00 -2.5238e+00  8.6138e+00 -7.5300e+00 -1.4021e+01
  8.3998e-02  4.3659e+00  5.7783e+00  5.6844e-01  3.0982e+00  8.5942e+00
  1.3482e+01  3.5911e+00  6.1789e+00 -3.2761e+00  1.0296e+01 -9.6498e-01
  4.8193e+00  5.9122e+00 -1.9450e+00  6.8325e-01 -2.0291e+01  4.5150e-01
 -8.4051e+00  5.4545e+00  2.1552e+00  1.1246e+00 -3.5920e+00  2.7293e+00
 -7.4733e+00 -5.4711e+00 -1.2262e+01 -2.4916e+01  6.0827e-01 -4.8473e+00
 -1.4727e+00  1.1495e+01 -1.5856e+01  8.8700e-01  1.0869e+01 -1.0660e+00
  5.3374e+00  7.6765e+00  9.9737e+00  6.7188e+00 -2.2663e+00 -1.0044e+01
  4.2978e+00 -1.7277e+01 -4.8148e+00 -4.0647e+00  4.4298e+00  1.0465e+01
  1.7133e-01  4.4790e+00 -3.1868e+00  4.5604e+00  5.5897e+00 -1.7403e+00
 -1.4605e+00 -3.9276e+00  1.1900e+00 -1.9725e+00 -4.1185e+00  2.2873e+00
  9.0003e+00 -9.7027e+00  1.4877e+00  3.2639e+00  2.0310e+00  6.1637e+00
 -5.7607e-01 -3.6253e+00  2.1621e+00 -3.1240e+00  1.9745e+00 -6.1698e+00
  1.1508e+01  1.7326e-02 -1.1113e+00  3.7632e+00 -6.9330e-01  3.5923e+00
 -3.2265e+00  3.2901e+00  1.3525e+01  1.1758e+01  6.7915e+00 -7.7855e-01
 -8.0002e-01 -1.1475e+01 -7.3152e+00  1.3894e+00  1.0111e+01  3.0458e+00
 -2.5646e+00 -2.4598e+00 -3.9090e+00  5.8888e+00  3.9286e+00  2.3901e+00
 -5.4310e-01 -2.3325e+00  1.6571e+00  6.2802e+00 -7.3615e+00  1.1355e+01
 -3.1764e+00 -2.6344e+00  3.8559e-01 -4.2147e+00  2.2932e+00  1.7767e+00
  7.0723e+00  9.3861e-01 -5.4979e+00 -1.1942e+01  9.0718e+00  2.6065e+00
 -1.9666e+00  7.2483e+00  1.0467e+01 -5.3461e+00 -5.7180e+00 -1.9709e+00
  8.6290e-01 -3.4046e-01 -9.6323e+00 -2.9916e+00  1.4333e+01  4.6955e+00
  1.0717e+01  7.3336e-01  1.4132e-01  1.8075e-01 -1.1580e+01  6.5920e+00
  4.3390e+00  7.7912e+00 -7.4547e+00  4.2017e+00 -9.8250e+00 -4.5502e+00
  5.3255e+00  9.2610e+00 -8.4350e+00 -3.2221e+00 -7.8799e+00 -1.7298e+00]",operator
7,"[ -7.8392   -10.463     11.759      1.8131     0.046077  -5.9578
   2.1858    -6.7808    11.301     -5.4783    -4.613      1.514
   8.8983     4.1069    -1.7087     1.2146    -1.842     15.541
   3.08      -6.7102   -10.452     -2.9291   -11.823     15.12
  -1.7435     0.55726    1.452     -3.6608     1.4374    -3.0551
  -9.8578    -1.2351    -1.4664     7.7278    -7.87      -1.1338
  -0.51534   -5.0005    -6.8229    -8.1258     7.5867    -5.3086
  -6.1498     9.2189    -4.0038     3.737     -1.4379    10.678
  -2.968    -18.524      0.43388   -1.7291    -2.1566    11.84
   4.545      7.1299    -9.2454    -5.6804    -5.2664    -2.2482
  -6.8721    -3.9618    -4.0028    10.086      2.7452    -0.19343
   8.734      2.484     -2.906     -4.1246    -0.6097    -6.9138
  -1.2811     1.7654    -2.6818    -0.30705   -5.7846    -3.1776
   1.3317    11.882     14.824     -6.7971   -11.288      5.8772
  -7.272    -13.346     -5.5236     1.4068     3.2483     0.52661
   2.682      5.4464    -0.90264    2.7181    -5.0638     2.88
 -11.875      0.78343   -2.8198     5.2037     3.3505    -1.4593
  -3.1407     4.3899     8.2737     2.427      8.1825    -3.534
   8.6724     3.6032    10.736     -0.68561    3.7682    -0.90342
  -5.8552    -3.1617     8.764     11.478     -4.2121   -10.776
   9.2309    -2.3253    10.867     -3.917     -3.6212     4.4463
  -9.1755    -5.4338     8.6125     3.7147     1.6407     1.4826
  -0.6922     4.6172    13.474     -3.6504     1.1869    -5.1363
 -12.805      0.59715   11.417      2.3358    -6.336     -1.9895
   3.8036    -2.0827     5.5578    -1.0684     7.6801    -5.7769
  -5.5995    -4.2063     2.0847     1.3778     4.4728    -0.9245
  -6.2716     7.4471    12.234      4.7256     6.9526     9.2627
   5.9387     3.9346    -3.9358    -5.517     -0.37221    7.0479
  -1.0107     1.3333     0.29189    0.72582   -0.94112   -6.2164
  -1.4666    10.999      2.8953    -2.2188   -12.6        4.9997
  -3.3287   -10.833    -10.258     -3.1318    -2.1897    10.616
  -2.3414    10.703    -15.958     -2.1131    -0.73608  -12.746
   2.1645     4.7198    11.228      7.848     -9.5661    -7.8624
   7.5167   -11.899     11.652      3.4704     8.3291     6.1333
   1.2913    -1.6855    -4.0775    -3.8238     1.954     -0.62018
  -4.7522    -7.3388     3.1042    -4.3236     6.6811    -3.6133
  -4.3188    -3.6139     8.9265     6.7441     3.1195     1.3797
  -1.7847    -1.0925     1.9636     4.6266    -1.2389    -3.6825
   3.2352    -5.4692    -2.0027    -0.25671    5.0371    -0.47219
  -0.56874   -0.85925   13.884      2.483      2.3522     0.62728
   9.3776    -3.4964    -9.8182     8.8067     3.9107    -6.2802
   0.71777   -3.2442    -6.5781    -2.0771     3.3449     0.88552
   7.9022     6.8172     4.1641     1.4866    -1.2453    -3.4238
  10.295     -4.0166    -9.9353    -1.2268    -4.0903    -0.70229
  -7.2082     0.24198    5.4317    -7.3625     5.6531    -7.3531
  -1.0492     7.3757     4.9777     9.9751    -1.9033     9.9376
  -1.2399    -7.3147     5.5949    -0.55937   11.479     -2.8167
   5.0842     3.1616    -7.9781    -0.39797   -4.1924     3.1309
   3.7627     0.93319   -1.9043     2.0221    -3.6441    -4.443
   5.5947     6.5774    -1.7344    -5.1161     8.3667    -0.72863 ]",bracket
8,"[ -9.3629     9.2761    -7.2708     4.3879    10.316     -6.8469
   1.5755     7.9405     8.0812     2.6194    17.189      5.1028
  -3.5406    -4.9522     0.50726    7.3238     8.4197     3.4544
   0.83204    5.5205     5.4937     1.4897    -2.2788     4.497
   2.3909    -9.1051    -6.827     -3.8575    -3.2794    -6.6986
   0.14048   -2.2132     3.5909    -1.7824    -6.5155     0.23331
   5.4186   -11.212     10.805     -9.3444    -3.3625    -1.3998
   3.5529    -2.6246     2.5553    -1.855     -3.7859     0.29584
  -2.5838     1.6739    -1.6049    -0.27709    1.507     -5.5291
  -2.1429    -1.7092     8.389     -1.856     -5.4558    -6.679
   0.36212    0.11176    1.1457    -3.2409    -9.434      1.106
  -6.3912   -13.735      4.9788     3.9198     0.031058   4.3147
  -6.6471     1.3955    -2.5958     6.9759    -0.99819   11.197
  -5.3627   -13.103    -14.491     -6.1014     7.3047    -3.1905
   1.2629    -0.92262    2.676     -0.42086   11.926     -7.8794
  -2.3097   -10.582      5.5581    -7.7517     5.1999    -2.2761
  -0.14107    4.6555     3.9174    -4.0377    -4.7891     2.8951
   6.9084    12.45      -0.11449   12.134      4.8634    -2.7649
  -9.9632    -0.24475   -3.8755    12.938     -3.9884    12.839
  -1.8172    -2.2239    -6.8786     1.9485    10.978      3.459
   4.5437    -6.7107    -1.8618    16.511     -2.5489   -14.822
  -5.7842    -2.9736    10.036     -9.6984    -6.6103     2.7384
  14.441    -13.343      1.224      3.2356    10.772     -3.7069
   7.0112    -5.6702    -5.9481     8.3454     5.5809    12.19
  -0.30777    7.6915     0.1935     4.1209     5.2447     8.635
   3.2295    14.775      2.1246     7.2148     3.6015     3.3317
  11.025      5.9624     0.33974    4.0244    -9.8245    -6.7488
   7.9905     2.7574    -1.0628    -2.4464   -10.564     11.921
   3.1062     0.87365   11.799     -3.936      5.7646    10.454
   4.1789    -2.4693    -0.37961  -13.324     -8.0467    -3.0123
  -3.4994     2.1695    -0.7963   -12.892     -6.2411     2.2934
  -8.9541     0.1611    -3.5982     7.1816    -0.50454    3.1828
  -5.1788    -6.4996     5.3696     1.0841    -5.2438   -13.527
  -1.9345    -6.4937    -0.29942   -3.8215   -10.299    -12.173
  -2.5258     1.608     -3.6306     5.5185    -8.11      -3.9384
   7.8215     5.9596    -2.024      5.9806    12.227      2.8496
   4.6545    -2.1338    -9.9656    -0.36781   -7.7601    -0.74959
  -2.078      1.3549     3.7356    -9.0703     1.1395    -4.287
  11.723     -2.7052     6.3682   -16.995      2.9882     9.7872
  -4.2043    -3.4099    -1.0055     4.1984    -2.6362     0.56554
   9.7921     6.6652     6.4964    11.552     -6.2677     1.7802
  -5.8234    -1.1035    -1.3218    -0.48589    2.8878     2.1512
 -11.668     -5.8105    -8.7014     1.8706     7.656      9.1478
   1.6743    -0.36795    4.0428     2.5721     5.1085    10.256
  -6.9294    -0.62123   -2.4537    -0.5577    -3.5943     0.53374
   9.6682     3.0569    -5.3577    -6.4144     3.4455     6.3063
   5.4355     4.7154    -4.8865    -7.3881     0.37304   -5.528
  -8.9278     3.3797    14.319     -4.0262     2.5195    -3.301
  -9.5015     8.4454    -8.6711     3.6026     0.94914    5.9861
   0.14368    9.7066     4.4738     2.6801    -6.816      3.5737  ]",variable
9,"[ -3.3899    -4.7034    -0.56101    1.2291     4.3298    -1.0775
  -1.3006     8.7939    -0.16669   -4.3738     2.3697     2.6438
  -5.4589     3.3491     4.0331     5.1368    -3.0016     4.3627
  -3.1921    -4.6624     6.065      1.0278    -2.302      2.6546
  -1.9866    -0.21586   -4.6756    -4.2126     4.552      0.77829
  -2.3145    -5.2688    -0.83724    1.5414    -3.5657    -2.157
  -0.52113   -0.84522    0.10093   -2.5028     2.6867    -0.84121
  -0.37885   -0.56571    1.2562     6.6634    -1.9635    -2.7044
  -1.8338     1.4503    -5.5413     0.53806    1.909     -4.3604
  -0.86049    0.15564   -0.057504   2.5934    -1.0942    -4.2068
  -2.17      -3.2877     5.8554    -4.8534     7.503      6.1191
  -2.4823    -1.4451     3.8664     3.2508     0.709     -7.5112
  -3.982     -2.6949    -0.85431    3.454     -9.9227     0.5394
   1.2065     0.26367   -5.4167    -0.076605   2.0729     2.9393
   5.6086    -5.1065    -6.0031    -8.8691    -2.94      -4.2458
   1.2601    -0.52265    2.8109    -5.1576    -0.89284   -5.5403
  -0.022148  -4.0596     2.8102     5.4515     3.7201     4.075
  -0.71997    5.9415    -2.6638     8.1691     1.8681    -3.4162
   4.2461    -6.8624     3.1882    -0.4499     0.063048  -0.16861
   3.6927    -1.8523     3.2277     3.5668    -3.4561    -5.5913
   2.2796    -2.5602     1.428      2.4142    -5.0458    -4.963
  -1.8568    -4.4842     9.3988     0.42451   -6.124      1.76
   7.9648    -0.7214     1.4532     0.079124  -2.2448    -6.2389
   6.4109    -5.4421    -3.03      -0.86801   -1.5012     3.9477
   0.626     -2.527     -4.6932    -4.1336     3.0797    -0.7578
   0.47471   -3.9851    -2.7405     6.6635    -4.3966     0.091831
   3.4679    -4.3882    -3.5193    -3.215      0.53177  -10.145
  -3.6675     2.8422    -3.0878    -3.3131    -5.1698     5.8547
  -4.9446     2.1182     6.5677    -1.5897     6.6044    -0.42473
   2.5703     1.6542     0.34148    3.595     -4.7446    -0.33757
  -4.4217    -2.8226     0.57885    0.9309    -3.7374     6.857
   1.7744    -0.59106   -2.513      2.5205     0.15392   -5.4111
  -2.8938     1.0658     3.5868     4.1083    -4.1611     1.4998
   7.6785    -0.8571     3.1202    -1.302      6.9192    -1.7415
   2.652      0.20803   -6.8805     0.67904   -3.6696    -4.0897
   0.16089   -2.8217    -1.2326     6.4057    -1.2017     6.3644
  -3.9374    -4.4183     5.7504     5.0595    -3.2237     2.041
  -3.326      4.4349    -1.7377    -2.672      2.932      4.9633
   4.2499    -4.8036     3.6152    -3.3564     1.8638    -0.3509
   6.352      2.6335     1.0899    -1.5143     1.4211    -1.5987
  -1.368      2.3843     1.7801    -1.9951     1.3563     0.36591
  -2.1273     2.8705    -3.7035     6.1364    -0.54319   -0.43826
  -7.0011    -0.47665   -0.05765   -4.2569    -1.6078    -3.9866
   3.3549     3.7918    -3.704     -0.79204   -0.67857    1.6942
   2.2772     2.4775    -0.62661    1.9642    -6.8387    -1.3194
   0.91723   -1.3952     4.9849     1.9167     5.1416     0.9232
   8.0659    -6.865     -0.10635    1.0187     5.8111     3.0619
   6.2548    -3.1919    -0.80506    3.3508    -4.5188     5.566
  -0.12391    2.7124     0.13658   -3.6298    -2.6504    -5.227
  -2.7731     3.1695     2.7796     0.73668   -0.627      0.071074]",comma
10,"[-7.4290e+00  5.7698e+00  2.2488e+00 -8.7110e-01  3.5841e+00 -5.0703e+00
 -2.5176e+00 -1.7195e+00 -4.1896e+00  2.9151e-01  3.5499e+00  3.1019e+00
 -3.0259e-01 -1.4732e+00 -5.6739e+00 -1.0020e+01 -1.4503e+00  1.4301e-01
 -6.9363e-01  6.6491e-02 -8.8018e+00  7.3744e-01 -9.3242e+00  9.2493e+00
 -8.1792e+00 -5.9055e+00  8.1822e+00 -1.1180e+00  6.3807e+00 -3.7164e+00
 -6.6238e+00  5.6627e+00 -2.4275e+00  1.1862e+01  1.9134e+00 -1.0709e+00
 -2.5274e+00 -5.9363e+00  2.7714e+00  4.6003e-01  3.9043e+00 -4.8373e+00
  4.1795e+00  2.9296e-01 -3.0433e+00  2.6838e+00 -4.0028e+00 -2.8474e+00
  3.1124e+00  3.9170e+00  2.1255e+00  1.1676e+00 -4.5410e+00  3.0963e+00
 -1.0791e+01  1.4334e+01 -3.1198e+00  3.4086e+00  7.3782e+00 -6.5626e-01
  1.0132e+01  1.9835e-01 -1.3270e+01  3.8084e+00 -5.8648e-01  8.3344e+00
 -7.1370e+00 -3.1532e-01 -1.0215e+00  1.7084e+00 -7.5803e+00  1.2457e+00
 -6.2399e+00 -6.3315e+00 -3.4530e+00 -5.9651e+00 -2.8053e+00  5.9512e+00
 -2.2857e+00  1.6326e+01  1.5939e+00  1.7602e+00 -4.9181e+00  3.9198e-01
 -3.8566e+00  1.9965e+00 -2.0735e-01  4.4829e+00  4.8949e+00 -1.5892e+00
  9.6236e+00  2.6961e+00  4.6747e+00  2.0437e-01  3.6953e+00 -7.3056e-02
 -3.8146e+00  5.1908e-01 -5.0841e+00  3.0744e+00  1.4290e+01  1.1182e+00
  6.6664e-01 -1.1908e-01  8.0788e+00  3.4297e+00  5.8464e+00  1.4956e+00
 -2.6488e+00  6.0853e+00  5.2280e+00  9.6914e-01  2.6246e+00  5.6177e+00
 -8.0934e+00  2.1139e+00  4.3297e+00 -8.1832e-01 -1.9790e+00 -2.5067e+00
 -1.9144e+00 -1.0778e+01 -6.3395e+00  5.7763e+00 -2.3766e+00 -6.2690e+00
  9.1360e-01 -6.3832e+00  1.0706e+01 -2.0192e+00 -1.4303e+00  4.6356e-01
  2.7602e+00 -1.5342e+00  9.2957e+00  1.2143e+00  5.0454e+00  1.6061e-02
 -7.1733e+00  8.5577e+00  6.3356e-01  9.4692e+00 -4.3997e+00 -8.5873e+00
 -3.8791e+00 -3.9627e+00  1.1769e+00  7.2786e+00  1.2558e+01  6.8023e-01
 -1.3099e+01  5.0073e+00 -2.0647e+00  4.3191e+00 -1.0005e+00  1.4601e+00
  6.9216e+00  2.5010e+00  1.0708e+01 -3.4066e+00 -8.4055e+00 -3.4045e+00
  8.0972e+00  1.0175e+00 -8.2801e+00  5.3001e+00 -1.2957e+00 -3.2923e+00
  2.4386e+00 -2.6701e+00 -1.1762e+00  1.7550e+00  6.8491e+00 -2.3884e+00
  4.5002e+00  4.9127e+00  1.4509e+00 -2.5715e+00 -8.7886e+00 -3.9831e+00
  4.2485e+00 -5.1981e-01 -2.1260e+00 -7.2736e+00 -2.1460e+00  5.7369e+00
  3.2484e+00  2.3410e+00  4.1516e-01  4.8433e+00  4.8254e-01  1.7808e+00
 -1.3482e+00  6.1100e+00  9.8632e+00  2.5421e+00 -5.5023e+00 -5.1754e+00
  3.1499e+00  1.5768e+00 -5.3460e+00  1.8876e+00 -1.9112e+00 -1.4665e+00
 -1.2204e+01  2.1173e-01  5.4066e+00  2.0078e-02  8.4768e-01 -4.7905e+00
  1.5423e+00 -1.3370e+00 -2.7511e+00 -3.0147e+00  4.1268e+00  4.4438e-01
  3.0631e+00 -1.7896e+00  2.5948e+00  1.0115e+01 -1.8636e-01  2.4569e+00
  1.2325e+00  3.0962e+00 -1.3696e+00 -3.0526e+00 -5.2241e+00  2.4307e+00
  4.6141e+00  4.8483e+00 -6.3303e-02 -1.2942e+01 -9.2655e-01  4.4410e+00
  7.4236e+00 -5.2656e+00  1.1684e+01  1.0951e+01 -3.3814e+00 -4.7554e+00
  1.6292e+00 -3.4844e+00  1.3056e+00  1.9753e+00  5.6040e+00 -8.9013e+00
  3.1269e+00  1.1781e+00  1.3972e-02 -7.3023e+00  8.0999e+00 -2.8848e-01
 -3.5792e+00  4.3212e+00  9.4950e+00 -1.7595e-01 -5.0973e+00  4.4716e+00
 -1.1574e+00  1.7552e+00 -7.0809e-01  1.1009e+01  1.3684e+00  8.5267e+00
 -1.4737e+00 -1.4083e+00  8.8467e+00  2.2427e+00  1.3771e-01 -4.6369e+00
  2.1847e+00  1.7260e+00 -6.8199e+00  4.0632e-01  2.8034e+00 -1.6931e+00
  1.9105e+00  4.7354e+00  5.4872e+00  9.8939e+00  8.2788e+00 -6.0035e+00
 -9.0784e-01  1.4019e+01 -2.0722e+00 -6.8776e-01  1.8922e+00  1.4047e+00
  3.6099e-01 -1.2271e+01 -1.3698e+00  4.3422e+00  5.8189e+00 -8.3772e+00
 -2.4973e+00 -1.8175e+00 -2.0220e+00 -6.8837e+00 -2.1441e+00  6.8450e+00]",variable
11,"[-7.9729e+00 -8.4028e+00  1.1931e+01  1.4241e+00 -6.2634e+00 -3.4751e+00
  6.1063e+00 -3.5968e+00  9.6494e+00 -7.0324e+00 -1.2579e-01  9.7785e-01
  1.0762e+01  5.4006e+00 -9.3205e-01  2.8774e-01 -4.7486e+00  1.2596e+01
  4.8544e-01 -9.1163e+00 -1.2627e+01  1.3279e+00 -1.1054e+01  1.7015e+01
 -1.4435e+00 -8.1780e-01 -4.7042e-01  1.4763e+00  1.4219e+00 -2.8041e+00
 -9.4629e+00 -1.9981e+00 -9.4216e-01  6.8382e+00 -8.5576e+00  2.1618e-03
  1.5076e-01 -6.3302e+00 -8.5502e+00 -5.0567e+00  5.9770e+00 -4.2594e+00
 -4.1689e+00  1.2072e+01 -3.0185e-01  1.4058e+00 -1.6879e+00  8.2451e+00
 -5.2352e+00 -1.6685e+01  1.0332e+00  5.6359e-01 -1.7981e+00  1.1207e+01
  3.0989e+00  8.2261e+00 -9.8557e+00 -7.0544e+00 -5.7532e+00 -4.1174e+00
 -6.8347e+00 -6.8945e+00 -8.7358e+00  8.5212e+00  1.4014e+00 -2.9030e-01
  4.9458e+00  1.4447e+00 -2.3344e-02 -9.5725e-01 -3.2637e-01 -5.1180e+00
  1.9775e+00  3.8203e+00 -1.3776e+00 -7.8116e-01 -6.2575e+00  1.7604e+00
  6.2892e-01  1.2666e+01  1.4527e+01 -3.6315e+00 -9.5504e+00  1.9948e+00
 -6.5135e+00 -8.6326e+00 -6.8013e+00  2.3886e+00  2.1398e+00 -1.2457e+00
  3.1024e+00  6.7416e+00  3.3371e+00  3.8027e+00 -2.0900e+00  4.7139e+00
 -1.0196e+01  5.1178e+00 -3.1614e+00  7.2754e+00  3.0888e+00 -1.3865e+00
 -3.8873e+00  2.3070e+00  8.0648e+00  3.7680e+00  5.9421e+00 -5.7732e+00
  6.9880e+00  2.6203e-01  8.6389e+00 -4.1492e+00  2.2142e+00  7.2988e-01
 -6.9906e+00 -3.9210e+00  8.5410e+00  9.2509e+00 -1.9551e+00 -1.4427e+01
  7.6432e+00 -3.8725e+00  1.4100e+01 -3.9503e+00 -1.0583e+00  5.9373e+00
 -8.8316e+00 -7.3525e+00  8.1876e+00  2.0217e+00  3.0549e+00  2.2550e+00
 -1.0065e+00  2.7888e+00  1.4439e+01 -4.8595e+00  1.6058e+00 -1.3883e+00
 -1.3964e+01  2.5059e+00  9.3582e+00  1.2970e+00 -5.6433e+00 -2.5253e+00
  3.6892e+00 -1.6336e+00  4.8847e+00 -3.2476e+00  1.0912e+01 -6.7409e+00
 -8.4584e+00 -4.1596e+00  8.8479e-01  4.9558e+00  7.3633e+00 -4.7085e-01
 -5.8827e+00  8.9965e+00  1.4008e+01  5.7673e+00  9.1684e+00  7.1923e+00
  1.0222e+01  3.7033e+00 -4.2180e+00 -6.2840e+00 -1.6533e+00  4.7252e+00
 -3.2587e-01  3.6272e+00 -2.0298e+00  3.7545e+00  8.1753e-01 -3.1203e+00
  8.0780e-01  1.0706e+01  1.5004e+00 -2.8696e+00 -1.4936e+01  9.1305e+00
 -4.4113e+00 -1.2456e+01 -7.8700e+00 -3.5629e+00 -5.1620e-01  9.3227e+00
 -2.0707e+00  6.9124e+00 -9.2390e+00 -4.2117e+00  1.2115e-01 -1.3979e+01
  8.4092e-01 -1.6395e+00  1.1349e+01  1.0041e+01 -7.3974e+00 -9.1932e+00
  6.5233e+00 -9.2738e+00  7.5171e+00  4.8313e+00  4.6520e+00  7.0744e+00
  1.0198e+00 -1.9661e-01 -2.1490e+00 -3.5330e+00  3.9783e+00  9.6870e-02
 -5.0714e+00 -5.7863e+00  3.7603e+00 -4.8543e+00  5.6189e+00 -3.3144e+00
 -1.6561e+00 -1.2962e+00  6.7682e+00  4.5383e+00 -9.9352e-03  1.8416e+00
 -2.4936e+00  2.4536e-02  3.4344e+00 -3.8720e-01 -2.5376e+00 -4.4362e+00
  1.3325e+00 -3.3526e+00 -1.9186e+00  6.0108e-01  2.8532e+00 -1.4932e+00
 -2.8034e+00 -4.1347e-01  1.5281e+01  5.2821e+00  7.9947e-01  1.6922e-01
  9.2211e+00 -5.3309e+00 -9.9196e+00  9.7890e+00  2.5966e+00 -7.6487e+00
  1.6773e-01 -1.6273e+00 -6.3395e+00 -2.8608e+00  6.8631e+00  1.1726e-01
  3.3957e+00  8.2730e+00  6.0312e+00  7.1676e-01  5.8614e-01 -4.1194e+00
  1.1020e+01 -8.0728e-01 -1.2876e+01  3.4076e+00 -3.6326e+00 -3.5518e-01
 -6.6643e+00  7.7035e-01  6.2086e+00 -2.3912e+00  7.5043e+00 -7.2469e+00
 -2.0018e+00  8.2019e+00  2.8320e+00  1.0784e+01 -2.2149e+00  1.1055e+01
  1.0665e+00 -9.9884e+00  4.4533e+00 -7.2557e-01  1.2801e+01 -5.1614e-01
  6.5339e+00  1.3346e+00 -3.6299e+00  7.6076e-01 -1.0578e+00 -2.0109e-01
 -1.5926e+00  3.4158e+00 -2.8174e+00  5.5871e+00  1.6135e+00 -4.0847e+00
  5.2105e+00  4.6693e+00 -3.3267e-01 -2.8954e+00  6.0694e+00  1.9298e+00]",bracket
12,"[ 1.0351e+00 -3.4947e+00 -1.2663e+00  2.9618e+00  4.4079e+00  1.9607e+00
  6.8072e+00 -3.1680e+00 -5.2319e+00  2.9597e+00 -1.2555e+00 -2.8347e+00
 -3.1189e+00 -4.4782e+00 -3.3416e+00 -4.0285e+00  2.2253e+00 -3.3331e+00
 -5.5916e+00 -9.7149e+00 -8.4012e+00 -7.6350e-01 -8.0579e+00  9.4401e+00
 -1.9461e+00 -1.0022e+00  1.3683e+00 -4.5210e+00 -8.0553e+00 -8.9146e+00
 -4.3463e-01  1.4185e+01 -9.9343e-01 -1.3981e+00  1.2913e+01 -5.8286e+00
  9.5278e+00 -9.3989e+00  8.5549e+00  7.7444e+00  2.4488e+00  6.2131e+00
 -9.6022e+00  9.7264e+00 -1.0093e+01 -4.8190e+00  1.9671e+00  5.3960e+00
  1.0867e+01  2.1209e-01  2.7364e+00  2.7656e+00 -1.1080e+01  9.8528e+00
  1.3539e+00  1.0269e+01 -8.0995e+00  6.6204e+00  3.0384e+00 -8.8313e+00
  1.4861e+00  7.4421e+00 -3.6230e+00  2.9706e-01  1.1450e+00  6.6812e+00
 -1.7487e+00  1.0680e+01 -2.6197e+00  1.4294e+00 -5.6391e-01 -1.0146e+00
  3.3708e+00  8.0556e+00 -4.1457e+00 -2.7314e+00  2.1500e+00 -1.4305e+00
  7.3899e+00  1.7242e+01 -3.0104e+00 -7.7872e+00 -1.3426e+00  7.4039e+00
 -9.7389e+00  6.1626e+00 -4.6063e+00  2.8202e+00  4.1512e+00  1.0885e+01
 -5.2588e+00  1.7380e+01 -8.5031e-01  1.9494e-01 -6.8477e+00  6.8711e+00
  1.0145e-01 -3.1022e+00  2.9613e+00 -1.8122e+00  2.4203e+00 -9.1187e+00
 -1.5501e+00 -1.0482e+01  5.0284e+00  7.6235e+00  1.6744e+00  1.2129e+00
 -8.2840e-01  5.8967e+00  4.1847e+00 -1.0776e+01 -4.0309e+00 -4.6129e-02
 -3.7653e+00 -3.5318e+00 -5.7037e+00  4.1737e-01 -3.1560e-01 -6.9731e+00
 -4.1665e+00 -4.9963e+00  4.1017e+00 -1.1734e+01  9.7496e+00 -6.0289e+00
 -1.7099e+01 -3.5777e+00 -4.7837e+00  4.6387e-01 -3.5657e+00  3.5335e+00
  3.5663e+00  2.8837e+00 -6.6722e+00 -2.4625e+00  1.4128e+00  9.0261e+00
 -5.9254e+00  1.4830e+01  1.2768e+01 -2.7740e+00 -5.1488e-01 -1.3861e+01
 -5.4823e+00 -6.5057e+00  4.9785e+00  9.7127e-01  3.0381e+00  9.1740e+00
  1.1754e+00 -6.7206e+00 -2.5238e+00  8.6138e+00 -7.5300e+00 -1.4021e+01
  8.3998e-02  4.3659e+00  5.7783e+00  5.6844e-01  3.0982e+00  8.5942e+00
  1.3482e+01  3.5911e+00  6.1789e+00 -3.2761e+00  1.0296e+01 -9.6498e-01
  4.8193e+00  5.9122e+00 -1.9450e+00  6.8325e-01 -2.0291e+01  4.5150e-01
 -8.4051e+00  5.4545e+00  2.1552e+00  1.1246e+00 -3.5920e+00  2.7293e+00
 -7.4733e+00 -5.4711e+00 -1.2262e+01 -2.4916e+01  6.0827e-01 -4.8473e+00
 -1.4727e+00  1.1495e+01 -1.5856e+01  8.8700e-01  1.0869e+01 -1.0660e+00
  5.3374e+00  7.6765e+00  9.9737e+00  6.7188e+00 -2.2663e+00 -1.0044e+01
  4.2978e+00 -1.7277e+01 -4.8148e+00 -4.0647e+00  4.4298e+00  1.0465e+01
  1.7133e-01  4.4790e+00 -3.1868e+00  4.5604e+00  5.5897e+00 -1.7403e+00
 -1.4605e+00 -3.9276e+00  1.1900e+00 -1.9725e+00 -4.1185e+00  2.2873e+00
  9.0003e+00 -9.7027e+00  1.4877e+00  3.2639e+00  2.0310e+00  6.1637e+00
 -5.7607e-01 -3.6253e+00  2.1621e+00 -3.1240e+00  1.9745e+00 -6.1698e+00
  1.1508e+01  1.7326e-02 -1.1113e+00  3.7632e+00 -6.9330e-01  3.5923e+00
 -3.2265e+00  3.2901e+00  1.3525e+01  1.1758e+01  6.7915e+00 -7.7855e-01
 -8.0002e-01 -1.1475e+01 -7.3152e+00  1.3894e+00  1.0111e+01  3.0458e+00
 -2.5646e+00 -2.4598e+00 -3.9090e+00  5.8888e+00  3.9286e+00  2.3901e+00
 -5.4310e-01 -2.3325e+00  1.6571e+00  6.2802e+00 -7.3615e+00  1.1355e+01
 -3.1764e+00 -2.6344e+00  3.8559e-01 -4.2147e+00  2.2932e+00  1.7767e+00
  7.0723e+00  9.3861e-01 -5.4979e+00 -1.1942e+01  9.0718e+00  2.6065e+00
 -1.9666e+00  7.2483e+00  1.0467e+01 -5.3461e+00 -5.7180e+00 -1.9709e+00
  8.6290e-01 -3.4046e-01 -9.6323e+00 -2.9916e+00  1.4333e+01  4.6955e+00
  1.0717e+01  7.3336e-01  1.4132e-01  1.8075e-01 -1.1580e+01  6.5920e+00
  4.3390e+00  7.7912e+00 -7.4547e+00  4.2017e+00 -9.8250e+00 -4.5502e+00
  5.3255e+00  9.2610e+00 -8.4350e+00 -3.2221e+00 -7.8799e+00 -1.7298e+00]",operator
13,"[ -7.8392   -10.463     11.759      1.8131     0.046077  -5.9578
   2.1858    -6.7808    11.301     -5.4783    -4.613      1.514
   8.8983     4.1069    -1.7087     1.2146    -1.842     15.541
   3.08      -6.7102   -10.452     -2.9291   -11.823     15.12
  -1.7435     0.55726    1.452     -3.6608     1.4374    -3.0551
  -9.8578    -1.2351    -1.4664     7.7278    -7.87      -1.1338
  -0.51534   -5.0005    -6.8229    -8.1258     7.5867    -5.3086
  -6.1498     9.2189    -4.0038     3.737     -1.4379    10.678
  -2.968    -18.524      0.43388   -1.7291    -2.1566    11.84
   4.545      7.1299    -9.2454    -5.6804    -5.2664    -2.2482
  -6.8721    -3.9618    -4.0028    10.086      2.7452    -0.19343
   8.734      2.484     -2.906     -4.1246    -0.6097    -6.9138
  -1.2811     1.7654    -2.6818    -0.30705   -5.7846    -3.1776
   1.3317    11.882     14.824     -6.7971   -11.288      5.8772
  -7.272    -13.346     -5.5236     1.4068     3.2483     0.52661
   2.682      5.4464    -0.90264    2.7181    -5.0638     2.88
 -11.875      0.78343   -2.8198     5.2037     3.3505    -1.4593
  -3.1407     4.3899     8.2737     2.427      8.1825    -3.534
   8.6724     3.6032    10.736     -0.68561    3.7682    -0.90342
  -5.8552    -3.1617     8.764     11.478     -4.2121   -10.776
   9.2309    -2.3253    10.867     -3.917     -3.6212     4.4463
  -9.1755    -5.4338     8.6125     3.7147     1.6407     1.4826
  -0.6922     4.6172    13.474     -3.6504     1.1869    -5.1363
 -12.805      0.59715   11.417      2.3358    -6.336     -1.9895
   3.8036    -2.0827     5.5578    -1.0684     7.6801    -5.7769
  -5.5995    -4.2063     2.0847     1.3778     4.4728    -0.9245
  -6.2716     7.4471    12.234      4.7256     6.9526     9.2627
   5.9387     3.9346    -3.9358    -5.517     -0.37221    7.0479
  -1.0107     1.3333     0.29189    0.72582   -0.94112   -6.2164
  -1.4666    10.999      2.8953    -2.2188   -12.6        4.9997
  -3.3287   -10.833    -10.258     -3.1318    -2.1897    10.616
  -2.3414    10.703    -15.958     -2.1131    -0.73608  -12.746
   2.1645     4.7198    11.228      7.848     -9.5661    -7.8624
   7.5167   -11.899     11.652      3.4704     8.3291     6.1333
   1.2913    -1.6855    -4.0775    -3.8238     1.954     -0.62018
  -4.7522    -7.3388     3.1042    -4.3236     6.6811    -3.6133
  -4.3188    -3.6139     8.9265     6.7441     3.1195     1.3797
  -1.7847    -1.0925     1.9636     4.6266    -1.2389    -3.6825
   3.2352    -5.4692    -2.0027    -0.25671    5.0371    -0.47219
  -0.56874   -0.85925   13.884      2.483      2.3522     0.62728
   9.3776    -3.4964    -9.8182     8.8067     3.9107    -6.2802
   0.71777   -3.2442    -6.5781    -2.0771     3.3449     0.88552
   7.9022     6.8172     4.1641     1.4866    -1.2453    -3.4238
  10.295     -4.0166    -9.9353    -1.2268    -4.0903    -0.70229
  -7.2082     0.24198    5.4317    -7.3625     5.6531    -7.3531
  -1.0492     7.3757     4.9777     9.9751    -1.9033     9.9376
  -1.2399    -7.3147     5.5949    -0.55937   11.479     -2.8167
   5.0842     3.1616    -7.9781    -0.39797   -4.1924     3.1309
   3.7627     0.93319   -1.9043     2.0221    -3.6441    -4.443
   5.5947     6.5774    -1.7344    -5.1161     8.3667    -0.72863 ]",bracket
14,"[ 2.5377e+00 -1.3823e+01  3.0635e+00  7.9353e+00  9.6459e+00 -5.1554e+00
  7.6464e-01 -4.4896e+00  2.5980e+00 -5.3795e+00 -2.6006e+00  2.6592e-02
  1.8468e+00 -1.6452e+00 -3.2309e+00 -4.3631e+00  8.2434e+00  2.7891e+00
 -4.0916e-01  2.5950e+00 -3.3982e+00  2.1232e+00  4.1449e+00  8.5663e+00
 -1.1193e+01  3.8254e+00  4.1838e+00  1.2201e+01 -2.0018e+00  6.9000e+00
  5.2336e+00 -3.6901e+00 -2.1717e+00 -8.8435e-01 -3.0607e+00 -1.5443e+01
  4.3944e+00  1.0999e+00  5.3541e+00  6.1221e-01  4.9526e+00  4.2947e-01
 -6.3210e+00  3.2261e+00 -2.4900e-01  9.9236e+00  2.2166e+00  1.6863e+01
  1.1698e+01 -7.9658e+00  2.2664e+00 -2.5228e+00 -7.4764e+00  9.9269e+00
 -3.0663e+00  6.7517e+00 -1.2650e+01  7.2332e+00 -2.0821e+00 -8.0831e+00
 -3.4365e+00  6.7308e+00 -4.0487e+00  1.2201e+00  7.2238e+00 -3.7542e+00
  1.7570e+00  5.3992e-01  1.1597e+00  5.2746e+00 -2.3341e+00  1.3050e+00
 -1.1492e+00  5.6060e+00 -9.2933e-01  4.1142e+00  6.5003e+00  2.3325e-01
 -4.1338e+00  1.6840e+01  9.1490e+00 -5.6635e-01 -1.5188e+01 -9.4838e-01
  7.5638e-01 -4.7188e+00 -1.7933e+00  6.6699e+00  3.5287e+00  4.8152e+00
  1.5184e+00  9.1138e+00  1.9567e+00  1.1168e+01 -1.6139e+00  1.4028e+01
 -6.0924e+00  3.8266e+00 -3.9104e+00 -4.1306e+00  5.2385e+00 -5.3673e+00
  9.1471e+00  9.1107e-01  7.4789e+00  5.1959e+00 -3.4052e+00 -4.3500e+00
 -6.0648e+00 -4.3826e+00  5.7010e+00 -5.6072e+00  9.5920e+00 -3.4078e+00
 -9.0125e+00 -1.8390e+00 -5.4008e+00  2.9645e+00  1.0111e+00 -3.8040e+00
  7.3071e+00 -5.5405e+00 -6.0281e+00 -1.0621e+01 -3.7215e+00 -4.6245e+00
 -2.6524e+00 -1.1979e+00 -7.2325e+00  5.1016e-01 -1.0155e+01  6.2718e-01
  5.5699e+00  6.6867e+00  9.7422e+00 -7.4868e+00  4.2226e+00  1.0655e+01
 -9.4835e+00 -5.8054e+00  1.0424e+01  1.4103e+01  5.8019e+00  3.7251e+00
 -4.9499e+00  1.0900e+01  1.3987e+00 -6.8134e+00  6.4926e+00  8.2181e+00
 -7.2302e-01 -5.5739e+00 -4.9004e+00 -1.5308e+01  1.4546e+01 -8.4205e+00
  3.6613e+00 -4.4531e-01  4.0443e+00 -1.2678e+01  3.2678e-01  1.3906e+01
  1.5292e+01 -3.5940e+00  1.7883e+00  4.8165e+00 -2.5002e+00 -1.0134e+01
  9.1396e+00  1.4498e+01 -1.7300e+01  6.0221e+00 -5.6486e+00 -3.2259e+00
 -8.4349e+00  1.7726e+01 -1.6216e+00 -2.4023e+00 -1.0653e+01 -3.8376e+00
  1.6940e+00  3.9646e+00 -2.1352e+01 -5.5587e+00 -4.2370e+00  1.5360e+00
 -3.6736e-01  7.7715e+00 -6.2231e+00  2.6127e+00  2.5390e-01  1.0292e+01
  6.7784e-01 -6.8129e+00  1.2510e+01  1.0350e+01  3.2995e+00 -1.3188e+01
 -4.8398e+00 -9.6867e+00 -3.3628e+00 -1.6204e+00  2.4695e+00  4.5009e-01
  4.9071e+00 -4.8846e+00  4.3457e+00  8.4590e+00  4.2699e+00  6.2907e+00
 -5.4106e+00  3.0503e+00 -2.5306e+00 -1.2045e+00  3.1444e+00 -1.1962e+00
  1.1080e+01 -8.2467e+00 -8.4506e+00 -1.5635e+00  1.7512e+00  5.1942e+00
 -1.2351e+01 -1.5952e+01 -8.6073e+00 -5.3594e+00 -4.6930e+00 -8.1432e+00
 -1.2210e+01  3.5521e+00  4.8944e+00 -1.5884e+01  6.4871e+00  1.8512e+00
 -4.3179e+00 -5.3308e+00  6.0509e+00  4.7588e-02 -9.3391e+00  2.9979e+00
 -1.4813e+00  6.9771e-01 -1.5605e+01  1.2485e+00  8.5328e+00 -8.4275e+00
  5.8460e+00  6.5498e+00 -2.4207e+00 -5.0660e+00  1.2861e+01  7.1883e+00
  4.8233e+00  1.2507e+00 -4.8034e+00  5.7762e+00  2.7353e+00 -2.4600e+00
  1.3278e+01 -5.8736e+00 -1.1569e+00  1.6316e+00 -6.7047e-02  6.0608e+00
 -2.4613e+00 -3.9356e+00  8.9894e+00  6.2404e-01  2.7799e+00 -2.2794e+00
  4.8307e+00  6.7102e+00 -2.6591e+00  2.7808e+00  5.3521e+00  4.1759e+00
 -2.9500e+00  7.3484e+00  1.1667e+01 -4.0192e+00  8.0703e+00  1.8084e+00
 -1.3256e+00  4.0110e+00 -3.9434e+00 -3.3274e+00 -1.5801e-02 -1.3837e+01
 -2.4099e+00 -3.9420e+00  1.4290e-01  6.4986e+00 -3.2482e+00  4.5425e+00
  8.6319e+00  2.1393e+00  9.3867e+00 -5.1403e+00  2.1874e+00  5.6177e+00]",number
15,"[ -3.3899    -4.7034    -0.56101    1.2291     4.3298    -1.0775
  -1.3006     8.7939    -0.16669   -4.3738     2.3697     2.6438
  -5.4589     3.3491     4.0331     5.1368    -3.0016     4.3627
  -3.1921    -4.6624     6.065      1.0278    -2.302      2.6546
  -1.9866    -0.21586   -4.6756    -4.2126     4.552      0.77829
  -2.3145    -5.2688    -0.83724    1.5414    -3.5657    -2.157
  -0.52113   -0.84522    0.10093   -2.5028     2.6867    -0.84121
  -0.37885   -0.56571    1.2562     6.6634    -1.9635    -2.7044
  -1.8338     1.4503    -5.5413     0.53806    1.909     -4.3604
  -0.86049    0.15564   -0.057504   2.5934    -1.0942    -4.2068
  -2.17      -3.2877     5.8554    -4.8534     7.503      6.1191
  -2.4823    -1.4451     3.8664     3.2508     0.709     -7.5112
  -3.982     -2.6949    -0.85431    3.454     -9.9227     0.5394
   1.2065     0.26367   -5.4167    -0.076605   2.0729     2.9393
   5.6086    -5.1065    -6.0031    -8.8691    -2.94      -4.2458
   1.2601    -0.52265    2.8109    -5.1576    -0.89284   -5.5403
  -0.022148  -4.0596     2.8102     5.4515     3.7201     4.075
  -0.71997    5.9415    -2.6638     8.1691     1.8681    -3.4162
   4.2461    -6.8624     3.1882    -0.4499     0.063048  -0.16861
   3.6927    -1.8523     3.2277     3.5668    -3.4561    -5.5913
   2.2796    -2.5602     1.428      2.4142    -5.0458    -4.963
  -1.8568    -4.4842     9.3988     0.42451   -6.124      1.76
   7.9648    -0.7214     1.4532     0.079124  -2.2448    -6.2389
   6.4109    -5.4421    -3.03      -0.86801   -1.5012     3.9477
   0.626     -2.527     -4.6932    -4.1336     3.0797    -0.7578
   0.47471   -3.9851    -2.7405     6.6635    -4.3966     0.091831
   3.4679    -4.3882    -3.5193    -3.215      0.53177  -10.145
  -3.6675     2.8422    -3.0878    -3.3131    -5.1698     5.8547
  -4.9446     2.1182     6.5677    -1.5897     6.6044    -0.42473
   2.5703     1.6542     0.34148    3.595     -4.7446    -0.33757
  -4.4217    -2.8226     0.57885    0.9309    -3.7374     6.857
   1.7744    -0.59106   -2.513      2.5205     0.15392   -5.4111
  -2.8938     1.0658     3.5868     4.1083    -4.1611     1.4998
   7.6785    -0.8571     3.1202    -1.302      6.9192    -1.7415
   2.652      0.20803   -6.8805     0.67904   -3.6696    -4.0897
   0.16089   -2.8217    -1.2326     6.4057    -1.2017     6.3644
  -3.9374    -4.4183     5.7504     5.0595    -3.2237     2.041
  -3.326      4.4349    -1.7377    -2.672      2.932      4.9633
   4.2499    -4.8036     3.6152    -3.3564     1.8638    -0.3509
   6.352      2.6335     1.0899    -1.5143     1.4211    -1.5987
  -1.368      2.3843     1.7801    -1.9951     1.3563     0.36591
  -2.1273     2.8705    -3.7035     6.1364    -0.54319   -0.43826
  -7.0011    -0.47665   -0.05765   -4.2569    -1.6078    -3.9866
   3.3549     3.7918    -3.704     -0.79204   -0.67857    1.6942
   2.2772     2.4775    -0.62661    1.9642    -6.8387    -1.3194
   0.91723   -1.3952     4.9849     1.9167     5.1416     0.9232
   8.0659    -6.865     -0.10635    1.0187     5.8111     3.0619
   6.2548    -3.1919    -0.80506    3.3508    -4.5188     5.566
  -0.12391    2.7124     0.13658   -3.6298    -2.6504    -5.227
  -2.7731     3.1695     2.7796     0.73668   -0.627      0.071074]",comma
16,"[-1.6842e+00 -1.5249e+01  2.3364e+00  1.2439e+01  5.9771e+00 -2.7370e+00
 -2.2117e+00 -7.1074e-01  1.7810e+00 -6.7830e+00  1.5383e+00  1.7399e+00
  2.0080e+00 -3.9451e+00  2.6377e+00 -6.9730e+00  7.4609e+00 -7.8129e-01
 -2.8791e+00  4.1782e+00 -3.4854e+00 -2.0689e-01  6.1602e+00  1.7191e+00
 -1.0651e+01  5.9837e+00 -2.2453e+00  6.1874e+00 -3.2871e+00  4.6504e+00
  9.6350e+00 -1.9085e-01 -2.0004e-01 -5.3378e+00 -2.5277e+00 -1.3224e+01
  3.2618e+00  4.5767e+00  5.5874e+00  3.4138e-01  8.9967e+00 -2.6056e+00
 -7.1777e+00  1.0992e+00  3.2085e+00  8.6139e+00  2.7565e+00  1.2807e+01
  7.1825e+00 -5.2060e+00  6.4508e+00 -1.6044e-01 -9.4707e+00  7.1317e+00
 -5.0887e+00  2.8167e+00 -1.4697e+01  8.4971e+00 -3.1159e-01 -6.2777e+00
 -6.2003e+00  7.2152e+00 -2.3085e+00 -3.7114e+00  7.3151e+00 -1.6396e+00
  6.8982e-01  8.5608e-01  3.4833e+00 -1.2080e+00 -1.2975e+00  2.9162e+00
 -1.4536e+00  9.1076e+00 -3.5827e+00  4.8521e+00  7.5271e+00 -6.3782e-01
 -3.4164e+00  1.2751e+01  5.9866e+00  8.3162e-01 -1.4945e+01 -1.5813e+00
  1.9954e+00 -4.2919e+00  2.5855e+00  4.3054e+00 -4.2419e+00  8.2247e+00
 -1.1799e+00  1.2218e+01 -2.4789e+00  8.3767e+00 -6.2264e+00  1.5790e+01
 -3.0128e+00  4.1016e+00 -1.7495e+00  7.7069e-01  3.9251e+00 -6.6978e+00
  3.4822e+00  5.0234e+00  1.1133e+01  1.5640e+00 -7.6174e+00 -3.6400e+00
 -1.4337e+00  1.1537e+00  4.6499e+00 -2.5965e+00  1.1629e+01 -2.9358e+00
 -8.8186e+00 -6.8723e+00 -4.4783e+00  2.1224e+00  4.6760e+00 -5.3535e+00
  1.3769e+00 -3.0217e+00 -2.8994e+00 -9.4768e+00 -3.4779e+00 -5.8696e+00
 -2.0779e+00 -2.8053e+00 -7.2854e+00  4.5522e+00 -1.0624e+01 -1.2003e+00
 -1.4107e+00  4.9437e+00  8.0384e+00 -5.5177e+00  4.3655e+00  7.7255e+00
 -6.9573e+00 -3.4010e+00  1.5610e+01  1.1445e+01  2.0093e-02 -3.1954e+00
 -8.9601e+00  4.5732e+00 -7.2721e-01 -1.2152e+01  1.0030e+01  6.6578e+00
 -1.2615e+00 -7.6128e+00 -6.6144e+00 -1.5137e+01  6.0499e+00 -1.2727e+01
 -2.3476e+00  2.1151e+00  7.1245e+00 -6.6616e+00 -3.8206e+00  1.0530e+01
  1.1986e+01  2.6221e+00  3.9593e+00  6.0424e+00  3.5973e+00 -1.5979e+01
  9.5794e+00  1.4713e+01 -1.2627e+01  7.9115e+00 -3.8114e+00 -5.5470e+00
 -5.1733e+00  1.3726e+01  1.0356e+00 -2.2865e+00 -8.9211e+00 -8.9541e-01
  2.5826e+00  6.2588e+00 -2.0832e+01 -6.1976e-02 -6.1811e+00  7.8101e+00
 -3.3684e+00  8.4995e+00 -8.1233e+00  4.9828e-01 -3.0040e-01  5.0224e+00
  6.3762e+00 -1.6848e+00  9.4116e+00  1.0214e+01  3.8204e+00 -7.1105e+00
 -4.7107e+00 -7.3422e+00 -3.2668e+00 -3.6499e+00  6.5078e+00 -8.3268e-01
  4.1387e+00 -2.4122e+00  6.9598e+00  1.0498e+01  7.9075e+00  2.5532e+00
 -3.3543e+00  5.4101e+00  1.4728e-01  4.9590e+00 -1.3537e+00 -8.4700e-01
  1.0607e+01 -8.4943e+00 -9.9101e+00 -4.1865e+00  3.3139e-01  5.3149e+00
 -5.4047e+00 -1.2556e+01 -9.2132e+00 -7.3236e+00 -4.6747e+00 -5.3151e+00
 -7.7618e+00  3.1574e+00  6.6615e+00 -1.7369e+01  7.1545e+00  2.0886e+00
 -2.0589e+00 -5.0907e+00  3.6757e+00  6.0800e+00 -6.6879e+00  1.0188e+01
  7.8281e-01 -2.7230e+00 -1.4632e+01  5.4554e+00  9.7924e+00 -9.8556e+00
  5.7942e+00  6.5763e+00 -2.1812e+00 -3.7639e+00  1.1954e+01  2.2359e+00
  2.4627e+00  6.9358e+00 -3.1617e+00  9.2506e+00 -2.2484e+00 -6.5525e+00
  8.3405e+00 -3.3433e+00 -3.8707e+00 -6.6394e-01  5.3925e-01  9.8698e-01
 -2.8367e-01 -6.1034e+00  1.0567e+01 -4.5058e+00  3.4139e+00 -1.4699e+00
  1.3580e+00 -4.7569e-02 -1.1519e+00  5.8469e+00 -4.8489e-01  6.2465e+00
  2.3389e+00  5.8081e+00  8.2464e+00 -3.7249e+00  7.5961e+00 -2.6351e+00
 -3.9438e+00  6.4185e+00 -7.1373e+00 -6.0231e+00 -2.3238e+00 -7.1950e+00
 -4.1099e+00 -1.7537e+00 -4.9019e+00 -5.4492e+00  1.8120e+00  5.6421e+00
  5.6308e+00 -4.2266e+00  1.1726e+01 -5.0182e+00 -3.0963e-01  2.9340e+00]",number
17,"[ -3.3899    -4.7034    -0.56101    1.2291     4.3298    -1.0775
  -1.3006     8.7939    -0.16669   -4.3738     2.3697     2.6438
  -5.4589     3.3491     4.0331     5.1368    -3.0016     4.3627
  -3.1921    -4.6624     6.065      1.0278    -2.302      2.6546
  -1.9866    -0.21586   -4.6756    -4.2126     4.552      0.77829
  -2.3145    -5.2688    -0.83724    1.5414    -3.5657    -2.157
  -0.52113   -0.84522    0.10093   -2.5028     2.6867    -0.84121
  -0.37885   -0.56571    1.2562     6.6634    -1.9635    -2.7044
  -1.8338     1.4503    -5.5413     0.53806    1.909     -4.3604
  -0.86049    0.15564   -0.057504   2.5934    -1.0942    -4.2068
  -2.17      -3.2877     5.8554    -4.8534     7.503      6.1191
  -2.4823    -1.4451     3.8664     3.2508     0.709     -7.5112
  -3.982     -2.6949    -0.85431    3.454     -9.9227     0.5394
   1.2065     0.26367   -5.4167    -0.076605   2.0729     2.9393
   5.6086    -5.1065    -6.0031    -8.8691    -2.94      -4.2458
   1.2601    -0.52265    2.8109    -5.1576    -0.89284   -5.5403
  -0.022148  -4.0596     2.8102     5.4515     3.7201     4.075
  -0.71997    5.9415    -2.6638     8.1691     1.8681    -3.4162
   4.2461    -6.8624     3.1882    -0.4499     0.063048  -0.16861
   3.6927    -1.8523     3.2277     3.5668    -3.4561    -5.5913
   2.2796    -2.5602     1.428      2.4142    -5.0458    -4.963
  -1.8568    -4.4842     9.3988     0.42451   -6.124      1.76
   7.9648    -0.7214     1.4532     0.079124  -2.2448    -6.2389
   6.4109    -5.4421    -3.03      -0.86801   -1.5012     3.9477
   0.626     -2.527     -4.6932    -4.1336     3.0797    -0.7578
   0.47471   -3.9851    -2.7405     6.6635    -4.3966     0.091831
   3.4679    -4.3882    -3.5193    -3.215      0.53177  -10.145
  -3.6675     2.8422    -3.0878    -3.3131    -5.1698     5.8547
  -4.9446     2.1182     6.5677    -1.5897     6.6044    -0.42473
   2.5703     1.6542     0.34148    3.595     -4.7446    -0.33757
  -4.4217    -2.8226     0.57885    0.9309    -3.7374     6.857
   1.7744    -0.59106   -2.513      2.5205     0.15392   -5.4111
  -2.8938     1.0658     3.5868     4.1083    -4.1611     1.4998
   7.6785    -0.8571     3.1202    -1.302      6.9192    -1.7415
   2.652      0.20803   -6.8805     0.67904   -3.6696    -4.0897
   0.16089   -2.8217    -1.2326     6.4057    -1.2017     6.3644
  -3.9374    -4.4183     5.7504     5.0595    -3.2237     2.041
  -3.326      4.4349    -1.7377    -2.672      2.932      4.9633
   4.2499    -4.8036     3.6152    -3.3564     1.8638    -0.3509
   6.352      2.6335     1.0899    -1.5143     1.4211    -1.5987
  -1.368      2.3843     1.7801    -1.9951     1.3563     0.36591
  -2.1273     2.8705    -3.7035     6.1364    -0.54319   -0.43826
  -7.0011    -0.47665   -0.05765   -4.2569    -1.6078    -3.9866
   3.3549     3.7918    -3.704     -0.79204   -0.67857    1.6942
   2.2772     2.4775    -0.62661    1.9642    -6.8387    -1.3194
   0.91723   -1.3952     4.9849     1.9167     5.1416     0.9232
   8.0659    -6.865     -0.10635    1.0187     5.8111     3.0619
   6.2548    -3.1919    -0.80506    3.3508    -4.5188     5.566
  -0.12391    2.7124     0.13658   -3.6298    -2.6504    -5.227
  -2.7731     3.1695     2.7796     0.73668   -0.627      0.071074]",comma
18,"[-2.3824e+00 -1.5207e+01 -2.8569e-02  1.2805e+01  7.6667e+00 -2.0150e+00
 -1.8533e+00  3.5922e-01  1.0194e+00 -6.3718e+00  1.3080e+00  2.1409e+00
  9.0816e-01 -5.8053e+00  4.0237e+00 -6.6595e+00  5.3440e+00 -2.5533e+00
 -1.7623e+00  6.1674e+00 -3.9237e+00  4.2839e+00  7.4790e+00  2.4674e+00
 -1.3069e+01  5.5091e+00 -2.8428e+00  2.4091e+00 -5.4148e+00  6.3188e+00
  1.1096e+01  1.8372e-01  1.9858e+00 -6.1214e+00 -4.6168e+00 -1.2932e+01
  1.6991e+00  5.0690e+00  4.4743e+00 -9.8370e-01  9.8352e+00 -2.2831e+00
 -6.9011e+00 -4.4399e-01  3.8914e+00  1.0031e+01  8.3022e-01  1.3152e+01
  4.4433e+00 -4.0152e+00  5.4025e+00  5.1642e-01 -1.1065e+01  5.8106e+00
 -4.4867e+00  2.5493e+00 -1.5577e+01  7.6063e+00 -1.3531e+00 -5.8552e+00
 -6.9874e+00  8.8169e+00 -2.3731e+00 -4.1948e+00  8.6732e+00 -2.3158e+00
  1.8188e+00  3.4877e+00 -1.2978e-01 -2.6167e-01  1.3454e-01  4.1125e+00
 -4.7855e-03  7.0284e+00 -4.5855e+00  6.8865e+00  9.5474e+00 -3.6363e+00
 -3.1013e+00  1.0701e+01  1.4668e+00  2.1728e+00 -1.6175e+01 -1.4278e+00
  2.0970e+00 -2.8215e+00  3.4164e+00  5.1403e+00 -6.3319e+00  8.2593e+00
 -1.2568e+00  1.1935e+01 -1.1121e+00  1.1392e+01 -7.5389e+00  1.6787e+01
 -5.6871e-01  4.8933e+00 -1.9266e-01  1.9986e+00  5.3007e+00 -6.9049e+00
  2.6981e+00  4.9598e+00  8.8540e+00  3.5557e+00 -9.0738e+00 -4.1613e+00
 -2.8370e+00  1.7015e+00  2.0373e+00 -4.6616e+00  9.6550e+00 -7.0477e+00
 -1.0297e+01 -7.0834e+00 -6.7212e+00  2.5113e+00  2.1126e+00 -5.9044e+00
  9.3923e-01 -9.7520e-01 -2.4132e+00 -9.6697e+00 -2.2475e+00 -6.0804e+00
 -2.8913e-01 -1.6534e+00 -4.6217e+00  3.8571e+00 -7.5034e+00 -2.9112e+00
 -1.8680e+00  5.9761e+00  8.0177e+00 -4.7610e+00  3.0328e+00  8.9715e+00
 -9.7543e+00 -1.7869e+00  1.6502e+01  1.1030e+01 -2.8350e-01 -2.6640e+00
 -9.1107e+00  5.5492e+00  2.1303e-01 -1.0598e+01  1.2245e+01  7.5002e+00
 -1.4092e+00 -6.3242e+00 -7.5245e+00 -1.4996e+01  5.0942e+00 -1.3416e+01
 -4.5538e+00  2.0577e+00  6.2871e+00 -6.3972e+00 -7.4655e+00  1.0310e+01
  1.3458e+01  3.1421e+00  4.7131e+00  6.8095e+00  2.8982e+00 -1.6456e+01
  8.8956e+00  1.5175e+01 -1.1474e+01  9.2520e+00 -3.0076e+00 -7.9400e+00
 -3.3893e+00  1.3230e+01  2.2682e+00 -2.4295e+00 -1.0349e+01 -3.2791e-01
  4.5610e-01  6.2584e+00 -1.9003e+01  2.8470e-01 -6.6844e+00  9.2133e+00
 -4.8817e+00  7.6089e+00 -8.9446e+00  2.1923e+00 -1.8968e+00  2.8251e+00
  6.6575e+00 -4.1100e+00  8.3305e+00  8.5878e+00  3.7325e+00 -5.8651e+00
 -3.7334e+00 -5.4158e+00 -4.8095e+00 -6.6891e+00  7.4216e+00 -4.2388e+00
  6.4372e+00 -2.8325e+00  9.9098e+00  1.1686e+01  8.6809e+00  4.4036e+00
 -3.1349e+00  5.6341e+00  5.5038e-01  5.9503e+00 -1.9524e+00 -8.5299e-01
  1.3330e+01 -8.9110e+00 -1.0028e+01 -4.2756e+00  6.7001e-01  5.3408e+00
 -3.0693e+00 -1.2769e+01 -1.0605e+01 -5.9132e+00 -5.0886e+00 -3.6466e+00
 -9.0180e+00  3.8407e+00  6.6542e+00 -1.6985e+01  6.5212e+00  1.5331e+00
 -8.8424e-01 -7.0363e+00  2.2686e+00  4.8138e+00 -6.3275e+00  1.1009e+01
 -8.8143e-01 -2.7355e+00 -1.3427e+01  4.1611e+00  1.1792e+01 -1.0443e+01
  6.0373e+00  9.8309e+00 -6.8739e-01 -3.5307e+00  1.0876e+01  1.0163e+00
  1.0122e+00  7.5647e+00 -5.5890e+00  1.2354e+01 -1.9029e+00 -5.8952e+00
  8.4358e+00 -1.7198e+00 -4.9719e+00  2.2096e+00 -1.6392e+00  1.5099e+00
  3.3687e-01 -5.7140e+00  7.5769e+00 -4.0829e+00  2.3861e+00 -4.1686e-01
  1.4087e+00  3.2563e-01 -9.1694e-01  2.1564e+00 -1.6318e+00  5.8622e+00
  2.6435e+00  4.8222e+00  7.1542e+00 -3.8628e+00  9.7403e+00 -1.0204e+00
 -5.0969e+00  5.3209e+00 -4.9924e+00 -6.7158e+00 -3.0709e+00 -5.4249e+00
 -3.5953e+00 -3.5620e+00 -3.7991e+00 -5.6667e+00  5.3164e-01  6.6279e+00
  4.4649e+00 -5.3543e+00  1.1746e+01 -3.4413e+00  2.8163e+00  3.7301e+00]", number
19,"[ -3.3899    -4.7034    -0.56101    1.2291     4.3298    -1.0775
  -1.3006     8.7939    -0.16669   -4.3738     2.3697     2.6438
  -5.4589     3.3491     4.0331     5.1368    -3.0016     4.3627
  -3.1921    -4.6624     6.065      1.0278    -2.302      2.6546
  -1.9866    -0.21586   -4.6756    -4.2126     4.552      0.77829
  -2.3145    -5.2688    -0.83724    1.5414    -3.5657    -2.157
  -0.52113   -0.84522    0.10093   -2.5028     2.6867    -0.84121
  -0.37885   -0.56571    1.2562     6.6634    -1.9635    -2.7044
  -1.8338     1.4503    -5.5413     0.53806    1.909     -4.3604
  -0.86049    0.15564   -0.057504   2.5934    -1.0942    -4.2068
  -2.17      -3.2877     5.8554    -4.8534     7.503      6.1191
  -2.4823    -1.4451     3.8664     3.2508     0.709     -7.5112
  -3.982     -2.6949    -0.85431    3.454     -9.9227     0.5394
   1.2065     0.26367   -5.4167    -0.076605   2.0729     2.9393
   5.6086    -5.1065    -6.0031    -8.8691    -2.94      -4.2458
   1.2601    -0.52265    2.8109    -5.1576    -0.89284   -5.5403
  -0.022148  -4.0596     2.8102     5.4515     3.7201     4.075
  -0.71997    5.9415    -2.6638     8.1691     1.8681    -3.4162
   4.2461    -6.8624     3.1882    -0.4499     0.063048  -0.16861
   3.6927    -1.8523     3.2277     3.5668    -3.4561    -5.5913
   2.2796    -2.5602     1.428      2.4142    -5.0458    -4.963
  -1.8568    -4.4842     9.3988     0.42451   -6.124      1.76
   7.9648    -0.7214     1.4532     0.079124  -2.2448    -6.2389
   6.4109    -5.4421    -3.03      -0.86801   -1.5012     3.9477
   0.626     -2.527     -4.6932    -4.1336     3.0797    -0.7578
   0.47471   -3.9851    -2.7405     6.6635    -4.3966     0.091831
   3.4679    -4.3882    -3.5193    -3.215      0.53177  -10.145
  -3.6675     2.8422    -3.0878    -3.3131    -5.1698     5.8547
  -4.9446     2.1182     6.5677    -1.5897     6.6044    -0.42473
   2.5703     1.6542     0.34148    3.595     -4.7446    -0.33757
  -4.4217    -2.8226     0.57885    0.9309    -3.7374     6.857
   1.7744    -0.59106   -2.513      2.5205     0.15392   -5.4111
  -2.8938     1.0658     3.5868     4.1083    -4.1611     1.4998
   7.6785    -0.8571     3.1202    -1.302      6.9192    -1.7415
   2.652      0.20803   -6.8805     0.67904   -3.6696    -4.0897
   0.16089   -2.8217    -1.2326     6.4057    -1.2017     6.3644
  -3.9374    -4.4183     5.7504     5.0595    -3.2237     2.041
  -3.326      4.4349    -1.7377    -2.672      2.932      4.9633
   4.2499    -4.8036     3.6152    -3.3564     1.8638    -0.3509
   6.352      2.6335     1.0899    -1.5143     1.4211    -1.5987
  -1.368      2.3843     1.7801    -1.9951     1.3563     0.36591
  -2.1273     2.8705    -3.7035     6.1364    -0.54319   -0.43826
  -7.0011    -0.47665   -0.05765   -4.2569    -1.6078    -3.9866
   3.3549     3.7918    -3.704     -0.79204   -0.67857    1.6942
   2.2772     2.4775    -0.62661    1.9642    -6.8387    -1.3194
   0.91723   -1.3952     4.9849     1.9167     5.1416     0.9232
   8.0659    -6.865     -0.10635    1.0187     5.8111     3.0619
   6.2548    -3.1919    -0.80506    3.3508    -4.5188     5.566
  -0.12391    2.7124     0.13658   -3.6298    -2.6504    -5.227
  -2.7731     3.1695     2.7796     0.73668   -0.627      0.071074]",comma
20,"[ -9.3629     9.2761    -7.2708     4.3879    10.316     -6.8469
   1.5755     7.9405     8.0812     2.6194    17.189      5.1028
  -3.5406    -4.9522     0.50726    7.3238     8.4197     3.4544
   0.83204    5.5205     5.4937     1.4897    -2.2788     4.497
   2.3909    -9.1051    -6.827     -3.8575    -3.2794    -6.6986
   0.14048   -2.2132     3.5909    -1.7824    -6.5155     0.23331
   5.4186   -11.212     10.805     -9.3444    -3.3625    -1.3998
   3.5529    -2.6246     2.5553    -1.855     -3.7859     0.29584
  -2.5838     1.6739    -1.6049    -0.27709    1.507     -5.5291
  -2.1429    -1.7092     8.389     -1.856     -5.4558    -6.679
   0.36212    0.11176    1.1457    -3.2409    -9.434      1.106
  -6.3912   -13.735      4.9788     3.9198     0.031058   4.3147
  -6.6471     1.3955    -2.5958     6.9759    -0.99819   11.197
  -5.3627   -13.103    -14.491     -6.1014     7.3047    -3.1905
   1.2629    -0.92262    2.676     -0.42086   11.926     -7.8794
  -2.3097   -10.582      5.5581    -7.7517     5.1999    -2.2761
  -0.14107    4.6555     3.9174    -4.0377    -4.7891     2.8951
   6.9084    12.45      -0.11449   12.134      4.8634    -2.7649
  -9.9632    -0.24475   -3.8755    12.938     -3.9884    12.839
  -1.8172    -2.2239    -6.8786     1.9485    10.978      3.459
   4.5437    -6.7107    -1.8618    16.511     -2.5489   -14.822
  -5.7842    -2.9736    10.036     -9.6984    -6.6103     2.7384
  14.441    -13.343      1.224      3.2356    10.772     -3.7069
   7.0112    -5.6702    -5.9481     8.3454     5.5809    12.19
  -0.30777    7.6915     0.1935     4.1209     5.2447     8.635
   3.2295    14.775      2.1246     7.2148     3.6015     3.3317
  11.025      5.9624     0.33974    4.0244    -9.8245    -6.7488
   7.9905     2.7574    -1.0628    -2.4464   -10.564     11.921
   3.1062     0.87365   11.799     -3.936      5.7646    10.454
   4.1789    -2.4693    -0.37961  -13.324     -8.0467    -3.0123
  -3.4994     2.1695    -0.7963   -12.892     -6.2411     2.2934
  -8.9541     0.1611    -3.5982     7.1816    -0.50454    3.1828
  -5.1788    -6.4996     5.3696     1.0841    -5.2438   -13.527
  -1.9345    -6.4937    -0.29942   -3.8215   -10.299    -12.173
  -2.5258     1.608     -3.6306     5.5185    -8.11      -3.9384
   7.8215     5.9596    -2.024      5.9806    12.227      2.8496
   4.6545    -2.1338    -9.9656    -0.36781   -7.7601    -0.74959
  -2.078      1.3549     3.7356    -9.0703     1.1395    -4.287
  11.723     -2.7052     6.3682   -16.995      2.9882     9.7872
  -4.2043    -3.4099    -1.0055     4.1984    -2.6362     0.56554
   9.7921     6.6652     6.4964    11.552     -6.2677     1.7802
  -5.8234    -1.1035    -1.3218    -0.48589    2.8878     2.1512
 -11.668     -5.8105    -8.7014     1.8706     7.656      9.1478
   1.6743    -0.36795    4.0428     2.5721     5.1085    10.256
  -6.9294    -0.62123   -2.4537    -0.5577    -3.5943     0.53374
   9.6682     3.0569    -5.3577    -6.4144     3.4455     6.3063
   5.4355     4.7154    -4.8865    -7.3881     0.37304   -5.528
  -8.9278     3.3797    14.319     -4.0262     2.5195    -3.301
  -9.5015     8.4454    -8.6711     3.6026     0.94914    5.9861
   0.14368    9.7066     4.4738     2.6801    -6.816      3.5737  ]",variable
21,"[-7.9729e+00 -8.4028e+00  1.1931e+01  1.4241e+00 -6.2634e+00 -3.4751e+00
  6.1063e+00 -3.5968e+00  9.6494e+00 -7.0324e+00 -1.2579e-01  9.7785e-01
  1.0762e+01  5.4006e+00 -9.3205e-01  2.8774e-01 -4.7486e+00  1.2596e+01
  4.8544e-01 -9.1163e+00 -1.2627e+01  1.3279e+00 -1.1054e+01  1.7015e+01
 -1.4435e+00 -8.1780e-01 -4.7042e-01  1.4763e+00  1.4219e+00 -2.8041e+00
 -9.4629e+00 -1.9981e+00 -9.4216e-01  6.8382e+00 -8.5576e+00  2.1618e-03
  1.5076e-01 -6.3302e+00 -8.5502e+00 -5.0567e+00  5.9770e+00 -4.2594e+00
 -4.1689e+00  1.2072e+01 -3.0185e-01  1.4058e+00 -1.6879e+00  8.2451e+00
 -5.2352e+00 -1.6685e+01  1.0332e+00  5.6359e-01 -1.7981e+00  1.1207e+01
  3.0989e+00  8.2261e+00 -9.8557e+00 -7.0544e+00 -5.7532e+00 -4.1174e+00
 -6.8347e+00 -6.8945e+00 -8.7358e+00  8.5212e+00  1.4014e+00 -2.9030e-01
  4.9458e+00  1.4447e+00 -2.3344e-02 -9.5725e-01 -3.2637e-01 -5.1180e+00
  1.9775e+00  3.8203e+00 -1.3776e+00 -7.8116e-01 -6.2575e+00  1.7604e+00
  6.2892e-01  1.2666e+01  1.4527e+01 -3.6315e+00 -9.5504e+00  1.9948e+00
 -6.5135e+00 -8.6326e+00 -6.8013e+00  2.3886e+00  2.1398e+00 -1.2457e+00
  3.1024e+00  6.7416e+00  3.3371e+00  3.8027e+00 -2.0900e+00  4.7139e+00
 -1.0196e+01  5.1178e+00 -3.1614e+00  7.2754e+00  3.0888e+00 -1.3865e+00
 -3.8873e+00  2.3070e+00  8.0648e+00  3.7680e+00  5.9421e+00 -5.7732e+00
  6.9880e+00  2.6203e-01  8.6389e+00 -4.1492e+00  2.2142e+00  7.2988e-01
 -6.9906e+00 -3.9210e+00  8.5410e+00  9.2509e+00 -1.9551e+00 -1.4427e+01
  7.6432e+00 -3.8725e+00  1.4100e+01 -3.9503e+00 -1.0583e+00  5.9373e+00
 -8.8316e+00 -7.3525e+00  8.1876e+00  2.0217e+00  3.0549e+00  2.2550e+00
 -1.0065e+00  2.7888e+00  1.4439e+01 -4.8595e+00  1.6058e+00 -1.3883e+00
 -1.3964e+01  2.5059e+00  9.3582e+00  1.2970e+00 -5.6433e+00 -2.5253e+00
  3.6892e+00 -1.6336e+00  4.8847e+00 -3.2476e+00  1.0912e+01 -6.7409e+00
 -8.4584e+00 -4.1596e+00  8.8479e-01  4.9558e+00  7.3633e+00 -4.7085e-01
 -5.8827e+00  8.9965e+00  1.4008e+01  5.7673e+00  9.1684e+00  7.1923e+00
  1.0222e+01  3.7033e+00 -4.2180e+00 -6.2840e+00 -1.6533e+00  4.7252e+00
 -3.2587e-01  3.6272e+00 -2.0298e+00  3.7545e+00  8.1753e-01 -3.1203e+00
  8.0780e-01  1.0706e+01  1.5004e+00 -2.8696e+00 -1.4936e+01  9.1305e+00
 -4.4113e+00 -1.2456e+01 -7.8700e+00 -3.5629e+00 -5.1620e-01  9.3227e+00
 -2.0707e+00  6.9124e+00 -9.2390e+00 -4.2117e+00  1.2115e-01 -1.3979e+01
  8.4092e-01 -1.6395e+00  1.1349e+01  1.0041e+01 -7.3974e+00 -9.1932e+00
  6.5233e+00 -9.2738e+00  7.5171e+00  4.8313e+00  4.6520e+00  7.0744e+00
  1.0198e+00 -1.9661e-01 -2.1490e+00 -3.5330e+00  3.9783e+00  9.6870e-02
 -5.0714e+00 -5.7863e+00  3.7603e+00 -4.8543e+00  5.6189e+00 -3.3144e+00
 -1.6561e+00 -1.2962e+00  6.7682e+00  4.5383e+00 -9.9352e-03  1.8416e+00
 -2.4936e+00  2.4536e-02  3.4344e+00 -3.8720e-01 -2.5376e+00 -4.4362e+00
  1.3325e+00 -3.3526e+00 -1.9186e+00  6.0108e-01  2.8532e+00 -1.4932e+00
 -2.8034e+00 -4.1347e-01  1.5281e+01  5.2821e+00  7.9947e-01  1.6922e-01
  9.2211e+00 -5.3309e+00 -9.9196e+00  9.7890e+00  2.5966e+00 -7.6487e+00
  1.6773e-01 -1.6273e+00 -6.3395e+00 -2.8608e+00  6.8631e+00  1.1726e-01
  3.3957e+00  8.2730e+00  6.0312e+00  7.1676e-01  5.8614e-01 -4.1194e+00
  1.1020e+01 -8.0728e-01 -1.2876e+01  3.4076e+00 -3.6326e+00 -3.5518e-01
 -6.6643e+00  7.7035e-01  6.2086e+00 -2.3912e+00  7.5043e+00 -7.2469e+00
 -2.0018e+00  8.2019e+00  2.8320e+00  1.0784e+01 -2.2149e+00  1.1055e+01
  1.0665e+00 -9.9884e+00  4.4533e+00 -7.2557e-01  1.2801e+01 -5.1614e-01
  6.5339e+00  1.3346e+00 -3.6299e+00  7.6076e-01 -1.0578e+00 -2.0109e-01
 -1.5926e+00  3.4158e+00 -2.8174e+00  5.5871e+00  1.6135e+00 -4.0847e+00
  5.2105e+00  4.6693e+00 -3.3267e-01 -2.8954e+00  6.0694e+00  1.9298e+00]",bracket
22,"[ -5.2115     3.509     -1.2917    11.139      9.1501     1.1503
   3.2131     6.7929    -6.0262    -3.2327    -3.6174     1.0954
 -12.318      0.65923   -7.3685     0.5602     4.9334    13.741
  -1.1485     4.4696    -3.002     10.612    -14.567      3.1338
  -1.4212    -2.5704     1.8096    -4.6863     5.928     -2.7407
 -12.587      4.1561     8.9321    -7.1883     0.48274   -2.0225
   3.0982     2.3273    -0.90961   -2.7857     1.6639    -7.5646
  -1.4852     3.8033     4.1028   -11.09      -8.4688     6.1382
   1.6046    -2.8707    -0.21798   -0.43158    4.3357     2.9387
  -1.3945     6.483     -2.3703    -7.9359    -2.4134    -4.5686
   2.5469    -1.0658    -4.7524     4.2583    -2.5141    -6.4328
  -4.4344    -0.57122    2.3779     1.2762    -2.1617     3.5557
   2.7753    -5.5144    -1.7967    -3.2179     4.552     -5.2955
   4.2247     4.9469    -3.2672    -0.30008   -3.776      0.34031
  -2.4181    -6.8217     2.9739    -8.9086     4.4042    -4.3253
  -7.2514    -2.7034     6.6008     1.238     -0.16328    1.7656
   2.8992    -0.87305   -0.36077   -1.9866    -3.6481     0.041541
   2.0401     7.9944     2.786      8.1932     1.0418     3.8907
  -5.7529     0.39533    2.7792    -3.8131    -7.1711     0.97528
   2.2748    -2.7119     2.629     -5.0289     1.6314    -8.3033
   3.4731    -4.1805     0.79049   -3.9219     0.17631   -4.7043
   0.048974  -8.3679     3.6331     0.91802   -6.3786    -0.40668
   8.5661    -5.9701     2.9049    -7.041     -5.2132     0.74682
  -4.1184     3.6969     3.8056    -0.10026    8.2003    -2.3049
  12.646      8.2846     0.25887    3.6498     4.5837     3.2291
   4.7599    -0.63223    4.2855    -2.0241    -3.9117     1.0941
   5.4943     3.8191     1.723     -6.4652    -6.1771    -2.1565
   6.3491     0.64368   -3.2896    -3.762      2.6925     0.89335
   6.6678     9.514     -6.1071     4.3812     3.4277     0.52672
   2.5942     5.591     -3.1447    -2.8484   -10.158      6.0053
  -3.7678    -0.40312   -0.55548   -9.0128    -9.7668    -1.7377
  -4.7025     2.8146   -10.786     -7.3049    -4.1135    -1.5667
  -3.9426     3.7914     7.4403    -2.0363    -1.2104    -6.4163
  -3.2442    -6.4855     1.1976    -2.7778     4.4688     5.3389
  -1.2246    -3.9563    -1.283      1.915      3.6925    -4.9619
   0.077764  -0.41471   -2.3976    -3.7691     5.9627     6.0228
   3.8399    -2.775     -1.3657    11.199     -2.8652     2.8493
   1.3457    -1.4457     1.0525    -0.33299    7.3896     4.4483
   2.8473    -9.6656     2.2702     7.6748     1.3152    -4.467
   4.6329    -2.7707    -3.7        1.0032    -3.8883     1.323
  -0.21593  -10.718      1.2303     2.2457    -3.8669    -5.8703
  -8.3945     4.5153    -5.3671     7.9679     0.83402   -1.1374
  -3.5927     8.1642    -0.23903   -1.3902     5.9613     8.6626
   2.5889     2.9036    -6.9527    -0.88525   -0.9635     8.4359
   2.4074    -4.3881    -2.8896    -3.7757     0.065073  -5.448
  -0.80732   -3.4176     1.9292    -1.1542    -6.3562     0.84221
   0.97688    1.9811     1.9829    -7.2728     2.5094     0.74862
  -4.9351     1.0924    -1.6413     1.2245    -6.4769     6.0079
   2.7891     3.2304    -1.0285     1.8916   -11.857     -2.5915
  -1.2512     3.7854    -1.9479     1.1714     1.7961    -5.0412  ]",operator
23,"[ -7.8392   -10.463     11.759      1.8131     0.046077  -5.9578
   2.1858    -6.7808    11.301     -5.4783    -4.613      1.514
   8.8983     4.1069    -1.7087     1.2146    -1.842     15.541
   3.08      -6.7102   -10.452     -2.9291   -11.823     15.12
  -1.7435     0.55726    1.452     -3.6608     1.4374    -3.0551
  -9.8578    -1.2351    -1.4664     7.7278    -7.87      -1.1338
  -0.51534   -5.0005    -6.8229    -8.1258     7.5867    -5.3086
  -6.1498     9.2189    -4.0038     3.737     -1.4379    10.678
  -2.968    -18.524      0.43388   -1.7291    -2.1566    11.84
   4.545      7.1299    -9.2454    -5.6804    -5.2664    -2.2482
  -6.8721    -3.9618    -4.0028    10.086      2.7452    -0.19343
   8.734      2.484     -2.906     -4.1246    -0.6097    -6.9138
  -1.2811     1.7654    -2.6818    -0.30705   -5.7846    -3.1776
   1.3317    11.882     14.824     -6.7971   -11.288      5.8772
  -7.272    -13.346     -5.5236     1.4068     3.2483     0.52661
   2.682      5.4464    -0.90264    2.7181    -5.0638     2.88
 -11.875      0.78343   -2.8198     5.2037     3.3505    -1.4593
  -3.1407     4.3899     8.2737     2.427      8.1825    -3.534
   8.6724     3.6032    10.736     -0.68561    3.7682    -0.90342
  -5.8552    -3.1617     8.764     11.478     -4.2121   -10.776
   9.2309    -2.3253    10.867     -3.917     -3.6212     4.4463
  -9.1755    -5.4338     8.6125     3.7147     1.6407     1.4826
  -0.6922     4.6172    13.474     -3.6504     1.1869    -5.1363
 -12.805      0.59715   11.417      2.3358    -6.336     -1.9895
   3.8036    -2.0827     5.5578    -1.0684     7.6801    -5.7769
  -5.5995    -4.2063     2.0847     1.3778     4.4728    -0.9245
  -6.2716     7.4471    12.234      4.7256     6.9526     9.2627
   5.9387     3.9346    -3.9358    -5.517     -0.37221    7.0479
  -1.0107     1.3333     0.29189    0.72582   -0.94112   -6.2164
  -1.4666    10.999      2.8953    -2.2188   -12.6        4.9997
  -3.3287   -10.833    -10.258     -3.1318    -2.1897    10.616
  -2.3414    10.703    -15.958     -2.1131    -0.73608  -12.746
   2.1645     4.7198    11.228      7.848     -9.5661    -7.8624
   7.5167   -11.899     11.652      3.4704     8.3291     6.1333
   1.2913    -1.6855    -4.0775    -3.8238     1.954     -0.62018
  -4.7522    -7.3388     3.1042    -4.3236     6.6811    -3.6133
  -4.3188    -3.6139     8.9265     6.7441     3.1195     1.3797
  -1.7847    -1.0925     1.9636     4.6266    -1.2389    -3.6825
   3.2352    -5.4692    -2.0027    -0.25671    5.0371    -0.47219
  -0.56874   -0.85925   13.884      2.483      2.3522     0.62728
   9.3776    -3.4964    -9.8182     8.8067     3.9107    -6.2802
   0.71777   -3.2442    -6.5781    -2.0771     3.3449     0.88552
   7.9022     6.8172     4.1641     1.4866    -1.2453    -3.4238
  10.295     -4.0166    -9.9353    -1.2268    -4.0903    -0.70229
  -7.2082     0.24198    5.4317    -7.3625     5.6531    -7.3531
  -1.0492     7.3757     4.9777     9.9751    -1.9033     9.9376
  -1.2399    -7.3147     5.5949    -0.55937   11.479     -2.8167
   5.0842     3.1616    -7.9781    -0.39797   -4.1924     3.1309
   3.7627     0.93319   -1.9043     2.0221    -3.6441    -4.443
   5.5947     6.5774    -1.7344    -5.1161     8.3667    -0.72863 ]",bracket
24,"[ -9.3629     9.2761    -7.2708     4.3879    10.316     -6.8469
   1.5755     7.9405     8.0812     2.6194    17.189      5.1028
  -3.5406    -4.9522     0.50726    7.3238     8.4197     3.4544
   0.83204    5.5205     5.4937     1.4897    -2.2788     4.497
   2.3909    -9.1051    -6.827     -3.8575    -3.2794    -6.6986
   0.14048   -2.2132     3.5909    -1.7824    -6.5155     0.23331
   5.4186   -11.212     10.805     -9.3444    -3.3625    -1.3998
   3.5529    -2.6246     2.5553    -1.855     -3.7859     0.29584
  -2.5838     1.6739    -1.6049    -0.27709    1.507     -5.5291
  -2.1429    -1.7092     8.389     -1.856     -5.4558    -6.679
   0.36212    0.11176    1.1457    -3.2409    -9.434      1.106
  -6.3912   -13.735      4.9788     3.9198     0.031058   4.3147
  -6.6471     1.3955    -2.5958     6.9759    -0.99819   11.197
  -5.3627   -13.103    -14.491     -6.1014     7.3047    -3.1905
   1.2629    -0.92262    2.676     -0.42086   11.926     -7.8794
  -2.3097   -10.582      5.5581    -7.7517     5.1999    -2.2761
  -0.14107    4.6555     3.9174    -4.0377    -4.7891     2.8951
   6.9084    12.45      -0.11449   12.134      4.8634    -2.7649
  -9.9632    -0.24475   -3.8755    12.938     -3.9884    12.839
  -1.8172    -2.2239    -6.8786     1.9485    10.978      3.459
   4.5437    -6.7107    -1.8618    16.511     -2.5489   -14.822
  -5.7842    -2.9736    10.036     -9.6984    -6.6103     2.7384
  14.441    -13.343      1.224      3.2356    10.772     -3.7069
   7.0112    -5.6702    -5.9481     8.3454     5.5809    12.19
  -0.30777    7.6915     0.1935     4.1209     5.2447     8.635
   3.2295    14.775      2.1246     7.2148     3.6015     3.3317
  11.025      5.9624     0.33974    4.0244    -9.8245    -6.7488
   7.9905     2.7574    -1.0628    -2.4464   -10.564     11.921
   3.1062     0.87365   11.799     -3.936      5.7646    10.454
   4.1789    -2.4693    -0.37961  -13.324     -8.0467    -3.0123
  -3.4994     2.1695    -0.7963   -12.892     -6.2411     2.2934
  -8.9541     0.1611    -3.5982     7.1816    -0.50454    3.1828
  -5.1788    -6.4996     5.3696     1.0841    -5.2438   -13.527
  -1.9345    -6.4937    -0.29942   -3.8215   -10.299    -12.173
  -2.5258     1.608     -3.6306     5.5185    -8.11      -3.9384
   7.8215     5.9596    -2.024      5.9806    12.227      2.8496
   4.6545    -2.1338    -9.9656    -0.36781   -7.7601    -0.74959
  -2.078      1.3549     3.7356    -9.0703     1.1395    -4.287
  11.723     -2.7052     6.3682   -16.995      2.9882     9.7872
  -4.2043    -3.4099    -1.0055     4.1984    -2.6362     0.56554
   9.7921     6.6652     6.4964    11.552     -6.2677     1.7802
  -5.8234    -1.1035    -1.3218    -0.48589    2.8878     2.1512
 -11.668     -5.8105    -8.7014     1.8706     7.656      9.1478
   1.6743    -0.36795    4.0428     2.5721     5.1085    10.256
  -6.9294    -0.62123   -2.4537    -0.5577    -3.5943     0.53374
   9.6682     3.0569    -5.3577    -6.4144     3.4455     6.3063
   5.4355     4.7154    -4.8865    -7.3881     0.37304   -5.528
  -8.9278     3.3797    14.319     -4.0262     2.5195    -3.301
  -9.5015     8.4454    -8.6711     3.6026     0.94914    5.9861
   0.14368    9.7066     4.4738     2.6801    -6.816      3.5737  ]",variable
25,"[ -3.3899    -4.7034    -0.56101    1.2291     4.3298    -1.0775
  -1.3006     8.7939    -0.16669   -4.3738     2.3697     2.6438
  -5.4589     3.3491     4.0331     5.1368    -3.0016     4.3627
  -3.1921    -4.6624     6.065      1.0278    -2.302      2.6546
  -1.9866    -0.21586   -4.6756    -4.2126     4.552      0.77829
  -2.3145    -5.2688    -0.83724    1.5414    -3.5657    -2.157
  -0.52113   -0.84522    0.10093   -2.5028     2.6867    -0.84121
  -0.37885   -0.56571    1.2562     6.6634    -1.9635    -2.7044
  -1.8338     1.4503    -5.5413     0.53806    1.909     -4.3604
  -0.86049    0.15564   -0.057504   2.5934    -1.0942    -4.2068
  -2.17      -3.2877     5.8554    -4.8534     7.503      6.1191
  -2.4823    -1.4451     3.8664     3.2508     0.709     -7.5112
  -3.982     -2.6949    -0.85431    3.454     -9.9227     0.5394
   1.2065     0.26367   -5.4167    -0.076605   2.0729     2.9393
   5.6086    -5.1065    -6.0031    -8.8691    -2.94      -4.2458
   1.2601    -0.52265    2.8109    -5.1576    -0.89284   -5.5403
  -0.022148  -4.0596     2.8102     5.4515     3.7201     4.075
  -0.71997    5.9415    -2.6638     8.1691     1.8681    -3.4162
   4.2461    -6.8624     3.1882    -0.4499     0.063048  -0.16861
   3.6927    -1.8523     3.2277     3.5668    -3.4561    -5.5913
   2.2796    -2.5602     1.428      2.4142    -5.0458    -4.963
  -1.8568    -4.4842     9.3988     0.42451   -6.124      1.76
   7.9648    -0.7214     1.4532     0.079124  -2.2448    -6.2389
   6.4109    -5.4421    -3.03      -0.86801   -1.5012     3.9477
   0.626     -2.527     -4.6932    -4.1336     3.0797    -0.7578
   0.47471   -3.9851    -2.7405     6.6635    -4.3966     0.091831
   3.4679    -4.3882    -3.5193    -3.215      0.53177  -10.145
  -3.6675     2.8422    -3.0878    -3.3131    -5.1698     5.8547
  -4.9446     2.1182     6.5677    -1.5897     6.6044    -0.42473
   2.5703     1.6542     0.34148    3.595     -4.7446    -0.33757
  -4.4217    -2.8226     0.57885    0.9309    -3.7374     6.857
   1.7744    -0.59106   -2.513      2.5205     0.15392   -5.4111
  -2.8938     1.0658     3.5868     4.1083    -4.1611     1.4998
   7.6785    -0.8571     3.1202    -1.302      6.9192    -1.7415
   2.652      0.20803   -6.8805     0.67904   -3.6696    -4.0897
   0.16089   -2.8217    -1.2326     6.4057    -1.2017     6.3644
  -3.9374    -4.4183     5.7504     5.0595    -3.2237     2.041
  -3.326      4.4349    -1.7377    -2.672      2.932      4.9633
   4.2499    -4.8036     3.6152    -3.3564     1.8638    -0.3509
   6.352      2.6335     1.0899    -1.5143     1.4211    -1.5987
  -1.368      2.3843     1.7801    -1.9951     1.3563     0.36591
  -2.1273     2.8705    -3.7035     6.1364    -0.54319   -0.43826
  -7.0011    -0.47665   -0.05765   -4.2569    -1.6078    -3.9866
   3.3549     3.7918    -3.704     -0.79204   -0.67857    1.6942
   2.2772     2.4775    -0.62661    1.9642    -6.8387    -1.3194
   0.91723   -1.3952     4.9849     1.9167     5.1416     0.9232
   8.0659    -6.865     -0.10635    1.0187     5.8111     3.0619
   6.2548    -3.1919    -0.80506    3.3508    -4.5188     5.566
  -0.12391    2.7124     0.13658   -3.6298    -2.6504    -5.227
  -2.7731     3.1695     2.7796     0.73668   -0.627      0.071074]",comma
26,"[ -1.1647   -15.257     -2.8631     7.2073    10.933     -6.2801
  -1.5683     0.71773   -0.34755   -5.2517    -2.5078     2.3397
   2.5731    -7.0561     1.1534    -4.6393     2.9633    -1.1901
   1.1903     8.0749     1.9097     8.6009     6.1965     8.9837
 -13.374      3.0219    -5.6061     1.471     -4.1968     4.3724
  10.431      1.4332     0.8678    -4.8772    -2.2287   -14.455
  -3.0792     1.2336     0.44807   -6.7937     6.7091     3.6279
  -8.3917     2.069      6.9787     6.1451     1.5148    15.301
   5.0461    -1.6772     2.5168     2.8698   -11.26       6.4827
  -1.1517     4.971    -12.071      6.4947    -5.8729    -6.3821
 -10.637      4.3035    -3.2835     2.0462    10.799     -0.64008
   4.7034     1.5861    -6.3985    -3.912      4.8248    -5.2177
   4.6754     0.028058  -2.686      3.3345     7.4521    -2.7838
  -0.2063     7.2332     3.0505     0.64641  -10.71      -5.1455
   1.3382    -2.4612     3.6012     1.2982    -8.6105    -0.92075
   1.1019     8.8344    -0.80563   11.386     -7.8749    14.213
   0.12603    0.35453    1.2564     0.2493     4.7196    -5.1028
   1.7173     2.9766     2.2575     2.9015    -5.2931    -3.8628
  -2.2199    -4.1069     0.073709  -4.5071     7.551    -16.999
 -12.37      -5.2518    -5.6774     1.6143     2.2563    -0.40352
   4.2249    -0.58409    4.276    -11.034     -6.337     -3.215
   0.28047   -3.5554    -6.5652     0.25666   -6.6088    -1.6132
  -0.33731    6.6232     8.9479    -2.1353    -1.9005     9.8167
  -9.7784     1.0991    12.17      11.638     -4.208      0.46999
  -3.0674     4.3015     0.71571   -6.3844     6.4797     4.581
  -4.6191    -4.5375    -2.5018    -9.0597    12.502    -11.018
  -2.1115    -0.14196    1.0236   -11.115     -8.2712     5.7205
  10.775      0.18595    3.754      2.1501    -1.4009    -9.3069
   7.2822    12.184    -15.588      8.1794    -3.5634   -10.068
  -3.4188    13.162      3.4412    -0.37965   -7.0232    -0.87834
   0.52794    6.7428   -15.087     -0.4952    -0.6071     5.5621
  -6.1667     4.5909    -6.3497    -4.4174    -8.2573    -0.20986
   4.8634   -17.046      4.3381     7.2223     5.0278    -6.0926
   2.8485    -3.1966    -2.5891    -2.1983     5.1668   -11.445
   5.964     -3.8522     6.7114    11.753     -1.2428    -0.40839
  -6.2845     3.2142    -1.7459     1.709     -1.8537    -2.6036
   9.4802    -1.2675    -3.1949    -5.6375     1.1603     3.7053
  -2.9978   -10.194     -5.8052     1.0538    -4.846     -2.3893
 -10.547      3.6242     8.9493   -10.597      5.7463    -1.7578
   4.3904    -4.5734     4.8505    -2.5185    -4.3222     8.0255
  -1.0202     2.5672    -8.965     -3.2506     8.5514    -8.469
   7.1233    10.328      2.0686    -5.8068    11.751      3.0403
   0.33704    0.75207   -4.8984    10.97      -5.056     -4.0385
   8.4995    -0.44279   -4.7166     2.7952    -0.97075   -0.94392
   0.31026   -2.0944     3.0487     0.3138     1.4123    -3.0327
   1.2536     5.9712    -2.1056    -2.29      -4.5093     8.4746
   2.9469     2.7006     8.0722   -10.278      9.0307     0.99926
   4.0986     5.6158    -1.8934    -7.1989     1.5649    -5.6816
   1.0034    -3.4199    -1.7786     1.4701    -2.3331     8.8655
   4.9827    -7.2701     9.2022    -3.2701     4.6956     2.6771  ]",number
27,"[-7.9729e+00 -8.4028e+00  1.1931e+01  1.4241e+00 -6.2634e+00 -3.4751e+00
  6.1063e+00 -3.5968e+00  9.6494e+00 -7.0324e+00 -1.2579e-01  9.7785e-01
  1.0762e+01  5.4006e+00 -9.3205e-01  2.8774e-01 -4.7486e+00  1.2596e+01
  4.8544e-01 -9.1163e+00 -1.2627e+01  1.3279e+00 -1.1054e+01  1.7015e+01
 -1.4435e+00 -8.1780e-01 -4.7042e-01  1.4763e+00  1.4219e+00 -2.8041e+00
 -9.4629e+00 -1.9981e+00 -9.4216e-01  6.8382e+00 -8.5576e+00  2.1618e-03
  1.5076e-01 -6.3302e+00 -8.5502e+00 -5.0567e+00  5.9770e+00 -4.2594e+00
 -4.1689e+00  1.2072e+01 -3.0185e-01  1.4058e+00 -1.6879e+00  8.2451e+00
 -5.2352e+00 -1.6685e+01  1.0332e+00  5.6359e-01 -1.7981e+00  1.1207e+01
  3.0989e+00  8.2261e+00 -9.8557e+00 -7.0544e+00 -5.7532e+00 -4.1174e+00
 -6.8347e+00 -6.8945e+00 -8.7358e+00  8.5212e+00  1.4014e+00 -2.9030e-01
  4.9458e+00  1.4447e+00 -2.3344e-02 -9.5725e-01 -3.2637e-01 -5.1180e+00
  1.9775e+00  3.8203e+00 -1.3776e+00 -7.8116e-01 -6.2575e+00  1.7604e+00
  6.2892e-01  1.2666e+01  1.4527e+01 -3.6315e+00 -9.5504e+00  1.9948e+00
 -6.5135e+00 -8.6326e+00 -6.8013e+00  2.3886e+00  2.1398e+00 -1.2457e+00
  3.1024e+00  6.7416e+00  3.3371e+00  3.8027e+00 -2.0900e+00  4.7139e+00
 -1.0196e+01  5.1178e+00 -3.1614e+00  7.2754e+00  3.0888e+00 -1.3865e+00
 -3.8873e+00  2.3070e+00  8.0648e+00  3.7680e+00  5.9421e+00 -5.7732e+00
  6.9880e+00  2.6203e-01  8.6389e+00 -4.1492e+00  2.2142e+00  7.2988e-01
 -6.9906e+00 -3.9210e+00  8.5410e+00  9.2509e+00 -1.9551e+00 -1.4427e+01
  7.6432e+00 -3.8725e+00  1.4100e+01 -3.9503e+00 -1.0583e+00  5.9373e+00
 -8.8316e+00 -7.3525e+00  8.1876e+00  2.0217e+00  3.0549e+00  2.2550e+00
 -1.0065e+00  2.7888e+00  1.4439e+01 -4.8595e+00  1.6058e+00 -1.3883e+00
 -1.3964e+01  2.5059e+00  9.3582e+00  1.2970e+00 -5.6433e+00 -2.5253e+00
  3.6892e+00 -1.6336e+00  4.8847e+00 -3.2476e+00  1.0912e+01 -6.7409e+00
 -8.4584e+00 -4.1596e+00  8.8479e-01  4.9558e+00  7.3633e+00 -4.7085e-01
 -5.8827e+00  8.9965e+00  1.4008e+01  5.7673e+00  9.1684e+00  7.1923e+00
  1.0222e+01  3.7033e+00 -4.2180e+00 -6.2840e+00 -1.6533e+00  4.7252e+00
 -3.2587e-01  3.6272e+00 -2.0298e+00  3.7545e+00  8.1753e-01 -3.1203e+00
  8.0780e-01  1.0706e+01  1.5004e+00 -2.8696e+00 -1.4936e+01  9.1305e+00
 -4.4113e+00 -1.2456e+01 -7.8700e+00 -3.5629e+00 -5.1620e-01  9.3227e+00
 -2.0707e+00  6.9124e+00 -9.2390e+00 -4.2117e+00  1.2115e-01 -1.3979e+01
  8.4092e-01 -1.6395e+00  1.1349e+01  1.0041e+01 -7.3974e+00 -9.1932e+00
  6.5233e+00 -9.2738e+00  7.5171e+00  4.8313e+00  4.6520e+00  7.0744e+00
  1.0198e+00 -1.9661e-01 -2.1490e+00 -3.5330e+00  3.9783e+00  9.6870e-02
 -5.0714e+00 -5.7863e+00  3.7603e+00 -4.8543e+00  5.6189e+00 -3.3144e+00
 -1.6561e+00 -1.2962e+00  6.7682e+00  4.5383e+00 -9.9352e-03  1.8416e+00
 -2.4936e+00  2.4536e-02  3.4344e+00 -3.8720e-01 -2.5376e+00 -4.4362e+00
  1.3325e+00 -3.3526e+00 -1.9186e+00  6.0108e-01  2.8532e+00 -1.4932e+00
 -2.8034e+00 -4.1347e-01  1.5281e+01  5.2821e+00  7.9947e-01  1.6922e-01
  9.2211e+00 -5.3309e+00 -9.9196e+00  9.7890e+00  2.5966e+00 -7.6487e+00
  1.6773e-01 -1.6273e+00 -6.3395e+00 -2.8608e+00  6.8631e+00  1.1726e-01
  3.3957e+00  8.2730e+00  6.0312e+00  7.1676e-01  5.8614e-01 -4.1194e+00
  1.1020e+01 -8.0728e-01 -1.2876e+01  3.4076e+00 -3.6326e+00 -3.5518e-01
 -6.6643e+00  7.7035e-01  6.2086e+00 -2.3912e+00  7.5043e+00 -7.2469e+00
 -2.0018e+00  8.2019e+00  2.8320e+00  1.0784e+01 -2.2149e+00  1.1055e+01
  1.0665e+00 -9.9884e+00  4.4533e+00 -7.2557e-01  1.2801e+01 -5.1614e-01
  6.5339e+00  1.3346e+00 -3.6299e+00  7.6076e-01 -1.0578e+00 -2.0109e-01
 -1.5926e+00  3.4158e+00 -2.8174e+00  5.5871e+00  1.6135e+00 -4.0847e+00
  5.2105e+00  4.6693e+00 -3.3267e-01 -2.8954e+00  6.0694e+00  1.9298e+00]",bracket
